unique_id,ds,y,exogenous1,exogenous2,exogenous3,exogenous4,exogenous5,exogenous6,exogenous7,exogenous8,exogenous9,exogenous10,exogenous11,exogenous12,exogenous13,exogenous14,exogenous15,exogenous16,exogenous17,exogenous18,exogenous19,exogenous20,exogenous21,exogenous22,exogenous23,exogenous24,exogenous25
GDP,1990/1/1,5872.701,24.66666667,27.66666667,114.5,91218.66667,-4.333333333,73.0,0.766666667,0.433333333,0.733333333,0.933333333,0.833333333,1.133333333,109426.0,798412.0467,1.766666667,17852.66667,3.2,6.666666667,5.233333333,0.666666667,0.633333333,1.1,0.146666667,17.33333333,40.56666667
GDP,1990/4/1,5960.028,-58.0,-29.66666667,114.3333333,91283.0,-30.66666667,87.33333333,0.166666667,0.366666667,0.766666667,0.666666667,0.266666667,0.1,109793.6667,800463.5933,-0.566666667,17806.0,1.333333333,5.466666667,4.6,0.3,0.333333333,0.1,1.24,-20.0,40.56666667
GDP,1990/7/1,6015.116,-92.66666667,-35.33333333,116.4666667,91168.0,-55.66666667,-39.66666667,1.466666667,1.366666667,0.833333333,0.8,0.366666667,0.3,109652.6667,808694.1,1.0,17654.0,3.6,5.633333333,5.533333333,0.7,0.666666667,0.3,2.313333333,10.33333333,40.53333333
GDP,1990/10/1,6004.733,-122.6666667,-50.0,119.8666667,90795.33333,-71.33333333,10.33333333,0.966666667,1.133333333,0.766666667,0.7,0.266666667,0.2,109249.0,811516.1133,-0.366666667,17466.66667,6.233333333,5.5,6.233333333,0.266666667,0.433333333,0.233333333,0.356666667,2.0,40.3
GDP,1991/1/1,6035.178,-141.3333333,-55.33333333,117.4666667,90306.33333,-85.0,6.666666667,-1.133333333,-1.266666667,0.633333333,0.9,0.166666667,0.233333333,108787.6667,807327.5867,0.933333333,17227.0,2.6,3.533333333,5.3,0.266666667,0.166666667,0.4,-2.266666667,-11.66666667,40.1
GDP,1991/4/1,6126.862,-69.33333333,-33.0,116.3,89801.0,-32.0,24.33333333,0.2,0.366666667,0.6,0.5,0.533333333,0.233333333,108315.6667,807215.2567,-0.466666667,17069.0,1.733333333,4.066666667,4.866666667,0.233333333,0.3,0.366666667,-2.406666667,-5.0,40.26666667
GDP,1991/7/1,6205.937,-35.0,-18.0,116.1333333,89743.33333,-11.33333333,-6.0,0.2,0.033333333,0.666666667,0.633333333,-0.266666667,0.533333333,108312.6667,802312.94,1.166666667,17016.66667,-0.266666667,2.433333333,3.866666667,0.266666667,0.233333333,-0.3,-1.44,2.333333333,40.56666667
GDP,1991/10/1,6264.54,-64.0,-27.0,116.2333333,89706.66667,-31.33333333,32.66666667,0.266666667,0.4,0.633333333,0.533333333,0.166666667,0.2,108327.0,798306.9767,-0.4,16958.66667,-3.033333333,1.7,3.0,0.166666667,0.266666667,0.2,0.29,14.0,40.66666667
GDP,1992/1/1,6363.102,-49.0,-8.666666667,115.9,89651.0,-37.0,24.66666667,-0.033333333,-0.233333333,0.666666667,0.833333333,0.166666667,0.166666667,108348.3333,799355.0667,1.0,16824.33333,-1.333333333,1.4,2.866666667,0.333333333,0.233333333,0.333333333,2.106666667,12.33333333,40.66666667
GDP,1992/4/1,6470.763,-10.0,-12.33333333,117.1666667,89876.33333,7.0,15.66666667,0.366666667,0.666666667,0.5,0.366666667,0.0,0.2,108627.6667,797534.1167,-0.633333333,16830.66667,0.766666667,0.5,3.1,0.2,0.233333333,-0.166666667,3.306666667,23.33333333,40.83333333
GDP,1992/7/1,6566.641,-25.66666667,0.0,117.8666667,90049.33333,-21.66666667,22.33333333,0.166666667,-0.033333333,0.5,0.5,0.333333333,0.033333333,108892.3333,799363.62,0.6,16787.66667,1.5,1.266666667,3.1,0.266666667,0.233333333,0.3,2.666666667,29.33333333,40.76666667
GDP,1992/10/1,6680.803,18.66666667,15.33333333,117.8333333,90453.0,2.666666667,16.33333333,0.533333333,0.533333333,0.5,0.4,0.0,0.166666667,109302.0,802790.8867,-0.466666667,16759.33333,1.4,1.6,3.033333333,0.133333333,0.266666667,0.066666667,3.523333333,19.66666667,40.86666667
GDP,1993/1/1,6729.459,22.0,15.33333333,118.3666667,91040.66667,8.666666667,9.666666667,0.1,0.0,0.5,0.666666667,0.2,0.3,109944.0,812346.88,1.233333333,16797.0,2.133333333,1.666666667,3.2,0.4,0.233333333,0.333333333,4.6,1.333333333,41.0
GDP,1993/4/1,6808.939,7.666666667,28.0,119.5,91585.0,-17.66666667,20.66666667,0.133333333,0.333333333,0.533333333,0.433333333,0.233333333,-0.266666667,110537.6667,821109.2667,-1.066666667,16760.0,2.0,2.233333333,3.133333333,0.166666667,0.233333333,0.1,2.98,51.0,41.1
GDP,1993/7/1,6882.098,29.0,21.0,118.8666667,92193.33333,9.0,24.0,0.133333333,-0.066666667,0.366666667,0.333333333,0.2,0.166666667,111236.3333,834785.7467,0.666666667,16749.66667,0.833333333,2.066666667,2.766666667,0.166666667,0.133333333,0.166666667,2.53,31.66666667,41.16666667
GDP,1993/10/1,7013.738,53.66666667,34.0,118.9,92937.33333,15.33333333,22.66666667,0.433333333,0.5,0.333333333,0.266666667,0.333333333,0.1,112010.3333,856596.8767,-0.466666667,16797.66667,0.9,2.633333333,2.733333333,0.166666667,0.3,0.4,3.08,39.33333333,41.33333333
GDP,1994/1/1,7115.652,45.66666667,21.66666667,119.3666667,93710.33333,27.33333333,27.0,0.133333333,0.0,0.333333333,0.5,0.0,-0.066666667,112872.6667,881235.9467,0.866666667,16871.33333,0.833333333,2.366666667,2.5,0.3,0.2,0.1,3.406666667,27.33333333,41.33333333
GDP,1994/4/1,7246.931,71.33333333,35.66666667,120.0333333,94661.33333,37.66666667,28.0,0.166666667,0.433333333,0.4,0.3,0.233333333,0.266666667,113915.0,912689.75,-0.566666667,16968.33333,0.433333333,1.966666667,2.4,0.166666667,0.2,0.066666667,5.096666667,25.33333333,41.76666667
GDP,1994/7/1,7331.075,61.33333333,26.0,120.9666667,95603.0,35.0,21.0,0.733333333,0.533333333,0.4,0.366666667,0.333333333,-0.266666667,114917.6667,944437.8367,0.133333333,17074.0,1.766666667,2.8,2.9,0.333333333,0.3,0.333333333,6.066666667,24.66666667,41.7
GDP,1994/10/1,7455.288,49.0,17.0,121.4333333,96464.33333,34.0,17.0,0.266666667,0.266666667,0.433333333,0.4,0.333333333,-0.366666667,115830.6667,982398.8533,-0.933333333,17182.33333,2.133333333,2.566666667,2.666666667,0.066666667,0.2,0.4,6.513333333,37.0,41.8
GDP,1995/1/1,7522.289,18.66666667,5.333333333,123.4333333,97291.33333,15.33333333,13.0,0.333333333,0.2,0.333333333,0.466666667,0.066666667,0.033333333,116701.6667,1020862.08,1.0,17263.33333,3.4,2.866666667,2.866666667,0.366666667,0.266666667,0.133333333,6.3,49.66666667,41.66666667
GDP,1995/4/1,7580.997,-4.666666667,2.666666667,124.9333333,97702.33333,-5.333333333,6.0,0.533333333,0.766666667,0.266666667,0.2,0.3,-0.2,117134.6667,1056847.97,-0.966666667,17261.33333,4.1,3.3,3.1,0.233333333,0.266666667,0.1,4.72,30.0,41.06666667
GDP,1995/7/1,7683.125,23.66666667,24.66666667,125.2,98197.66667,0.0,-5.0,-0.366666667,-0.533333333,0.4,0.366666667,0.166666667,0.233333333,117629.6667,1091317.243,0.566666667,17235.0,3.5,2.633333333,2.633333333,0.166666667,0.133333333,0.2,4.376666667,25.0,41.16666667
GDP,1995/10/1,7772.586,0.333333333,6.666666667,125.4666667,98711.0,-5.333333333,12.0,0.0,0.066666667,0.3,0.266666667,0.2,0.0,118175.3333,1128811.013,-0.5,17218.66667,3.3,2.633333333,2.633333333,0.033333333,0.166666667,0.2,3.18,6.0,41.13333333
GDP,1996/1/1,7868.468,22.33333333,34.0,126.3,99193.66667,-12.66666667,22.0,0.566666667,0.533333333,0.266666667,0.4,0.333333333,0.1,118682.6667,1162682.78,1.033333333,17210.0,2.333333333,2.5,2.733333333,0.466666667,0.333333333,0.366666667,2.816666667,31.0,40.7
GDP,1996/4/1,8032.84,41.0,29.33333333,127.8333333,99947.0,11.0,-1.333333333,0.433333333,0.633333333,0.3,0.2,0.333333333,-0.266666667,119471.0,1190988.937,-1.0,17217.33333,2.333333333,2.766666667,2.866666667,0.233333333,0.266666667,0.233333333,4.693333333,31.33333333,41.33333333
GDP,1996/7/1,8131.408,32.66666667,25.33333333,128.1666667,100668.6667,8.666666667,13.0,0.033333333,-0.166666667,0.266666667,0.233333333,0.366666667,-0.066666667,120208.0,1219224.04,0.2,17243.33333,2.4,3.6,2.966666667,0.233333333,0.2,0.433333333,5.053333333,8.666666667,41.5
GDP,1996/10/1,8259.771,33.66666667,21.66666667,128.4333333,101359.6667,10.66666667,1.333333333,0.5,0.466666667,0.233333333,0.166666667,0.366666667,0.133333333,120923.0,1242398.367,-0.3,17276.33333,2.366666667,4.233333333,3.2,0.166666667,0.3,0.366666667,5.62,29.33333333,41.53333333
GDP,1997/1/1,8362.655,47.0,25.33333333,128.5,102076.3333,18.66666667,12.33333333,-0.166666667,-0.033333333,0.266666667,0.4,0.066666667,0.1,121676.0,1261454.143,1.1,17317.66667,1.733333333,3.566666667,2.933333333,0.3,0.166666667,0.066666667,6.903333333,22.33333333,41.6
GDP,1997/4/1,8518.825,31.66666667,14.0,127.2,102927.3333,15.66666667,17.33333333,-0.333333333,-0.233333333,0.2,0.166666667,0.066666667,0.166666667,122548.6667,1278541.44,-0.5,17366.0,-0.466666667,2.8,2.333333333,0.033333333,0.1,0.0,6.106666667,20.33333333,41.7
GDP,1997/7/1,8662.823,54.0,27.0,127.2,103602.3333,26.0,6.333333333,0.3,0.066666667,0.166666667,0.166666667,0.233333333,-0.033333333,123263.0,1294878.747,0.133333333,17435.33333,-0.766666667,2.366666667,2.2,0.166666667,0.166666667,0.3,7.173333333,10.0,41.66666667
GDP,1997/10/1,8765.907,62.66666667,21.33333333,127.5,104482.6667,41.0,29.0,-0.266666667,-0.266666667,0.333333333,0.266666667,0.166666667,0.0,124237.6667,1315534.633,-0.333333333,17552.33333,-0.733333333,1.666666667,1.866666667,0.0,0.133333333,0.166666667,8.396666667,9.333333333,41.86666667
GDP,1998/1/1,8866.48,26.66666667,10.33333333,125.0333333,105214.6667,16.33333333,8.666666667,-0.5,-0.4,0.233333333,0.366666667,0.2,-0.066666667,124997.3333,1325763.393,0.833333333,17627.66667,-2.666666667,2.033333333,1.466666667,0.2,0.033333333,0.233333333,7.58,15.66666667,41.73333333
GDP,1998/4/1,8969.699,41.0,53.66666667,124.9333333,105930.6667,-9.666666667,29.0,-0.033333333,0.1,0.333333333,0.3,0.1,0.166666667,125787.3333,1365826.493,-0.6,17623.0,-1.8,2.2,1.6,0.166666667,0.133333333,0.1,6.79,27.0,41.36666667
GDP,1998/7/1,9121.097,10.66666667,31.66666667,124.3,106542.3333,-17.0,35.33333333,-0.066666667,-0.233333333,0.3,0.266666667,0.166666667,-0.033333333,126500.3333,1388225.677,0.266666667,17514.0,-2.3,2.133333333,1.6,0.1,0.133333333,0.2,5.156666667,32.0,41.36666667
GDP,1998/10/1,9293.991,11.66666667,51.0,123.4666667,107219.0,-36.0,31.33333333,-0.1,-0.033333333,0.233333333,0.2,0.266666667,-0.266666667,127260.3333,1411611.93,-0.7,17475.33333,-3.2,2.333333333,1.533333333,0.033333333,0.166666667,0.266666667,4.043333333,21.66666667,41.43333333
GDP,1999/1/1,9411.682,-25.33333333,8.0,122.6,107884.3333,-27.0,29.66666667,-0.066666667,0.0,0.233333333,0.4,0.2,-0.4,128016.3333,1441143.447,0.533333333,17396.66667,-1.966666667,2.333333333,1.666666667,0.2,0.1,0.2,4.036666667,22.33333333,41.33333333
GDP,1999/4/1,9526.21,18.66666667,48.33333333,124.5,108585.3333,-24.33333333,34.66666667,0.566666667,0.633333333,0.266666667,0.266666667,0.066666667,0.333333333,128831.3333,1468377.5,-0.433333333,17324.0,-0.333333333,2.2,2.133333333,0.233333333,0.266666667,0.066666667,4.316666667,32.0,41.33333333
GDP,1999/7/1,9686.626,17.0,22.0,126.8666667,109212.3333,-4.666666667,44.0,0.933333333,0.7,0.333333333,0.3,0.166666667,-0.166666667,129585.0,1502221.157,0.266666667,17292.0,2.066666667,2.1,2.333333333,0.333333333,0.333333333,0.166666667,4.476666667,19.33333333,41.43333333
GDP,1999/10/1,9900.169,32.33333333,32.0,127.9333333,109974.0,-0.333333333,45.33333333,0.4,0.4,0.3,0.266666667,0.166666667,0.033333333,130471.6667,1524574.07,-0.4,17278.0,3.633333333,1.9,2.633333333,0.1,0.2,0.166666667,4.796666667,36.33333333,41.4
GDP,2000/1/1,10002.179,41.0,34.0,129.6333333,110607.3333,7.333333333,64.33333333,1.066666667,1.133333333,0.4,0.5,0.233333333,-0.266666667,131241.6667,1549718.72,0.666666667,17290.33333,5.733333333,1.766666667,3.233333333,0.566666667,0.433333333,0.2,4.673333333,27.33333333,41.46666667
GDP,2000/4/1,10247.72,-11.0,-11.0,132.0333333,111072.6667,-2.0,51.33333333,0.3,0.5,0.333333333,0.3,0.2,-0.266666667,132018.0,1587861.233,-1.066666667,17291.0,6.033333333,2.166666667,3.333333333,0.233333333,0.233333333,0.166666667,4.983333333,27.0,41.36666667
GDP,2000/7/1,10318.165,-10.0,9.666666667,133.7666667,111460.0,-22.0,-50.66666667,0.033333333,-0.2,0.366666667,0.333333333,0.266666667,0.066666667,132273.0,1650122.55,0.566666667,17279.66667,5.433333333,2.633333333,3.533333333,0.233333333,0.266666667,0.333333333,3.946666667,23.66666667,41.2
GDP,2000/10/1,10435.744,-22.33333333,-5.0,135.5333333,111769.6667,-16.33333333,23.0,0.0,-0.066666667,0.266666667,0.233333333,0.233333333,-0.1,132538.6667,1700837.86,-0.666666667,17200.0,5.933333333,2.466666667,3.4,0.066666667,0.2,0.233333333,1.863333333,12.0,40.86666667
GDP,2001/1/1,10470.231,-55.33333333,23.33333333,137.7666667,111849.3333,-81.0,47.0,-0.166666667,-0.1,0.466666667,0.666666667,0.333333333,0.1,132744.6667,1746365.18,1.166666667,17023.33333,6.3,3.0,3.366666667,0.4,0.3,0.3,-0.45,8.0,40.53333333
GDP,2001/4/1,10599.0,-148.0,-7.333333333,136.2333333,111338.0,-141.0,64.0,0.666666667,0.933333333,0.366666667,0.3,0.266666667,-0.533333333,132390.6667,1782214.627,-1.5,16659.33333,3.233333333,3.233333333,3.366666667,0.366666667,0.3,0.233333333,-2.916666667,25.33333333,40.36666667
GDP,2001/7/1,10598.02,-142.6666667,-9.0,133.3666667,110777.0,-132.6666667,35.0,-0.266666667,-0.6,0.3,0.3,0.2,-0.433333333,131992.0,1805987.33,0.166666667,16243.66667,-0.266666667,3.133333333,2.666666667,0.066666667,0.066666667,0.2,-4.196666667,-5.0,40.36666667
GDP,2001/10/1,10660.465,-147.6666667,-9.333333333,129.4,109874.0,-135.3333333,37.66666667,-1.5,-1.533333333,0.366666667,0.266666667,0.1,-0.233333333,131192.6667,1851845.307,-0.833333333,15836.0,-4.533333333,3.2,1.866666667,-0.3,-0.166666667,0.133333333,-4.993333333,-31.33333333,40.13333333
GDP,2002/1/1,10783.5,-102.6666667,-10.0,128.9,109369.0,-89.33333333,25.33333333,0.3,0.466666667,0.4,0.566666667,0.233333333,0.133333333,130768.3333,1881338.13,1.233333333,15515.0,-6.433333333,2.733333333,1.233333333,0.4,0.233333333,0.266666667,-3.063333333,-0.666666667,40.3
GDP,2002/4/1,10887.46,-69.33333333,-18.0,130.8333333,109145.0,-48.33333333,39.33333333,0.5,0.633333333,0.366666667,0.3,0.0,-0.4,130647.0,1915250.987,-1.433333333,15342.33333,-3.966666667,2.0,1.3,0.233333333,0.2,-0.033333333,-0.28,-20.0,40.63333333
GDP,2002/7/1,10984.04,-60.33333333,0.333333333,131.6666667,108999.6667,-59.66666667,-1.0,0.3,0.133333333,0.4,0.333333333,0.1,-0.133333333,130559.3333,1945787.627,0.533333333,15182.0,-1.266666667,1.3,1.6,0.2,0.233333333,0.1,1.78,28.66666667,40.46666667
GDP,2002/10/1,11061.433,-69.33333333,-0.666666667,133.0666667,108995.6667,-69.0,14.0,0.2,0.066666667,0.466666667,0.4,0.1,-0.166666667,130571.6667,1964814.213,-0.8,14988.0,2.8,1.233333333,2.2,0.0,0.2,0.2,2.86,40.33333333,40.4
GDP,2003/1/1,11174.129,-81.33333333,-15.33333333,138.0333333,108798.6667,-63.66666667,7.333333333,1.166666667,1.433333333,0.133333333,0.333333333,0.266666667,-0.533333333,130418.6667,1992391.717,0.6,14789.33333,7.1,1.266666667,2.866666667,0.6,0.366666667,0.266666667,2.773333333,-1.0,40.33333333
GDP,2003/4/1,11312.766,-52.33333333,23.0,137.1666667,108599.6667,-76.0,-1.333333333,-1.3,-0.9,0.3,0.233333333,0.266666667,0.0,130189.0,2024956.9,-1.1,14553.0,4.833333333,1.7,2.133333333,-0.1,-0.166666667,0.166666667,0.42,4.0,40.23333333
GDP,2003/7/1,11566.669,-29.33333333,20.0,138.0666667,108633.6667,-48.66666667,-34.0,1.133333333,0.566666667,0.4,0.333333333,0.233333333,0.1,130198.0,2048759.84,0.733333333,14375.0,4.866666667,2.333333333,2.2,0.266666667,0.333333333,0.233333333,0.476666667,29.0,40.26666667
GDP,2003/10/1,11772.234,1.0,14.66666667,139.2333333,108959.0,-15.66666667,14.0,-0.533333333,-0.966666667,0.333333333,0.3,0.5,-0.166666667,130505.3333,2069751.96,-0.8,14316.66667,4.666666667,3.233333333,1.9,-0.166666667,0.1,0.566666667,1.5,37.33333333,40.73333333
GDP,2004/1/1,11923.447,18.33333333,20.0,142.2,109353.3333,-4.333333333,14.0,0.733333333,1.233333333,0.4,0.6,0.133333333,0.033333333,130912.0,2097767.907,1.266666667,14285.33333,3.033333333,3.333333333,1.766666667,0.533333333,0.266666667,0.166666667,1.576666667,35.0,40.93333333
GDP,2004/4/1,12112.815,42.33333333,25.0,146.2666667,110023.0,15.0,4.333333333,0.4,1.066666667,0.366666667,0.266666667,0.4,0.2,131632.6667,2120514.903,-0.933333333,14329.66667,6.633333333,3.733333333,2.9,0.4,0.333333333,0.366666667,2.94,23.33333333,40.86666667
GDP,2004/7/1,12305.307,24.0,22.33333333,147.7,110337.0,-0.333333333,11.33333333,0.133333333,-0.566666667,0.333333333,0.233333333,0.066666667,-0.333333333,131959.3333,2146892.133,0.333333333,14335.33333,6.933333333,3.6,2.733333333,0.033333333,0.166666667,0.066666667,2.813333333,18.33333333,40.76666667
GDP,2004/10/1,12527.214,16.0,29.33333333,150.5333333,110844.3333,-14.66666667,19.33333333,1.0,0.4,0.3,0.3,0.266666667,-0.066666667,132524.6667,2184237.287,-0.633333333,14308.66667,8.133333333,3.1,3.333333333,0.066666667,0.333333333,0.333333333,3.29,26.66666667,40.56666667
GDP,2005/1/1,12767.286,20.33333333,21.33333333,152.0666667,111247.6667,-6.0,15.66666667,0.133333333,0.8,0.4,0.6,0.133333333,0.2,132987.3333,2209511.843,1.3,14266.33333,6.933333333,2.666666667,3.033333333,0.533333333,0.233333333,0.1,4.023333333,29.33333333,40.56666667
GDP,2005/4/1,12922.656,39.66666667,50.66666667,154.5333333,111950.6667,-14.0,7.666666667,0.0,0.6,0.3,0.2,0.233333333,-0.3,133716.6667,2237680.11,-1.4,14244.33333,5.633333333,2.566666667,2.933333333,0.233333333,0.1,0.233333333,3.993333333,39.66666667,40.4
GDP,2005/7/1,13142.642,13.66666667,27.33333333,158.7,112598.3333,-17.33333333,27.33333333,3.566666667,2.8,0.233333333,0.166666667,0.166666667,-0.066666667,134453.3333,2265303.033,0.7,14201.33333,7.433333333,2.266666667,3.833333333,0.733333333,0.866666667,0.2,2.98,8.333333333,40.53333333
GDP,2005/10/1,13324.204,50.0,39.33333333,164.3,113076.6667,6.0,11.33333333,-2.133333333,-2.533333333,0.433333333,0.4,0.266666667,-0.133333333,134932.3333,2283810.847,-0.833333333,14190.66667,9.133333333,2.233333333,3.733333333,-0.333333333,-0.1,0.3,2.43,14.33333333,40.9
GDP,2006/1/1,13599.16,65.33333333,52.0,162.7666667,113861.6667,7.0,8.0,0.4,0.9,0.333333333,0.533333333,0.233333333,0.166666667,135737.6667,2376085.43,1.3,14211.0,7.033333333,2.666666667,3.666666667,0.533333333,0.3,0.166666667,1.956666667,43.0,41.06666667
GDP,2006/4/1,13753.424,8.666666667,3.333333333,165.4,114335.6667,-0.333333333,6.333333333,0.933333333,1.833333333,0.366666667,0.233333333,0.133333333,0.3,136258.0,2400218.41,-0.866666667,14214.0,7.033333333,1.966666667,4.0,0.533333333,0.333333333,0.1,2.006666667,9.0,41.2
GDP,2006/7/1,13870.188,-20.33333333,6.333333333,166.7,114663.6667,-29.33333333,53.33333333,-0.266666667,-1.2,0.333333333,0.233333333,0.3,0.033333333,136685.6667,2415214.837,0.833333333,14157.33333,5.066666667,2.366666667,3.333333333,0.0,0.133333333,0.333333333,2.836666667,29.66666667,41.23333333
GDP,2006/10/1,14039.56,-44.0,-11.0,164.1333333,114975.0,-36.66666667,2.0,-0.6,-0.933333333,0.2,0.166666667,0.166666667,-0.1,137054.6667,2442288.21,-0.833333333,14043.66667,-0.1,2.333333333,1.933333333,-0.166666667,0.033333333,0.133333333,2.14,47.33333333,41.1
GDP,2007/1/1,14215.651,-4.666666667,7.0,166.7,115484.3333,-15.0,20.33333333,0.533333333,0.966666667,0.466666667,0.7,0.533333333,0.0,137609.3333,2470809.56,1.133333333,13991.66667,2.433333333,2.933333333,2.433333333,0.566666667,0.366666667,0.566666667,2.176666667,23.66666667,41.06666667
GDP,2007/4/1,14402.082,-22.66666667,-6.333333333,172.8333333,115776.3333,-19.66666667,19.33333333,0.7,1.6,0.333333333,0.2,0.366666667,-0.333333333,137968.0,2507622.29,-1.466666667,13928.33333,4.466666667,3.9,2.666666667,0.466666667,0.3,0.333333333,2.826666667,16.66666667,41.3
GDP,2007/7/1,14564.117,-76.66666667,-36.66666667,173.6666667,115824.0,-40.33333333,24.0,0.266666667,-0.8,0.466666667,0.4,0.4,-0.166666667,138049.3333,2551143.367,0.7,13835.66667,4.2,4.333333333,2.4,0.033333333,0.2,0.4,2.6,16.0,41.3
GDP,2007/10/1,14715.058,-39.0,-29.0,177.4333333,115947.6667,-14.66666667,32.33333333,1.233333333,0.966666667,0.4,0.366666667,0.3,0.366666667,138283.3333,2596483.953,-0.333333333,13755.66667,8.1,4.7,3.966666667,0.233333333,0.466666667,0.266666667,2.69,29.66666667,41.2
GDP,2008/1/1,14706.538,-52.0,-28.0,183.8666667,115918.0,-29.0,22.33333333,0.466666667,0.933333333,0.233333333,0.5,0.4,-0.233333333,138334.0,2633175.903,0.766666667,13693.33333,10.3,4.666666667,4.1,0.566666667,0.3,0.433333333,1.38,-6.333333333,41.2
GDP,2008/4/1,14865.701,-112.3333333,-64.33333333,196.0,115376.6667,-51.66666667,24.66666667,1.733333333,2.8,0.2,0.1,0.633333333,0.033333333,137860.0,2658948.633,-1.066666667,13555.66667,13.4,5.166666667,4.366666667,0.8,0.6,0.633333333,-1.346666667,-16.33333333,41.03333333
GDP,2008/7/1,14898.999,-127.3333333,-56.33333333,200.4666667,114595.0,-76.33333333,6.666666667,-0.066666667,-1.266666667,0.166666667,0.133333333,0.7,0.3,137152.3333,2661649.39,1.2,13354.33333,15.43333333,6.1,5.3,0.0,0.233333333,0.7,-4.693333333,-34.33333333,40.8
GDP,2008/10/1,14608.208,-259.6666667,-114.3333333,178.0333333,112997.0,-141.6666667,6.333333333,-6.766666667,-6.866666667,0.3,0.166666667,0.2,-0.4,135552.0,2651999.95,-1.133333333,13010.33333,0.4,6.066666667,1.633333333,-1.3,-1.166666667,0.166666667,-9.063333333,-41.0,40.13333333
GDP,2009/1/1,14430.901,-365.0,-136.6666667,169.5333333,110721.3333,-214.0,1.333333333,0.533333333,1.033333333,0.266666667,0.533333333,-0.066666667,0.633333333,133293.0,2636129.817,1.533333333,12383.0,-7.733333333,4.833333333,-0.066666667,0.366666667,0.2,-0.033333333,-13.94666667,-43.0,39.53333333
GDP,2009/4/1,14381.236,-268.3333333,-93.66666667,171.3333333,108810.0,-160.6666667,5.333333333,2.2,2.7,0.3,0.166666667,-0.133333333,-0.033333333,131433.3333,2605819.733,-1.033333333,11872.66667,-12.56666667,2.7,-1.133333333,0.466666667,0.333333333,-0.133333333,-15.10666667,-17.0,39.46666667
GDP,2009/7/1,14448.882,-126.3333333,-74.33333333,173.8666667,107962.6667,-45.0,-41.66666667,0.866666667,0.066666667,0.266666667,0.233333333,-0.1,0.166666667,130465.6667,2583191.793,1.066666667,11628.33333,-13.26666667,0.366666667,-1.633333333,0.033333333,0.166666667,-0.1,-10.78666667,-7.333333333,39.96666667
GDP,2009/10/1,14651.248,-83.66666667,-44.33333333,176.9,107450.3333,-38.66666667,10.33333333,1.066666667,0.8,0.233333333,0.166666667,0.1,-0.066666667,129963.3333,2556669.553,-0.833333333,11507.33333,-0.5,-0.6,1.433333333,0.0,0.233333333,0.066666667,-5.363333333,-36.66666667,40.43333333
GDP,2010/1/1,14764.611,-40.0,-39.0,182.0666667,107294.0,-7.333333333,12.0,-0.033333333,0.666666667,0.4,0.633333333,0.166666667,-0.066666667,129789.0,2536694.75,0.8,11455.33333,7.4,-0.133333333,2.333333333,0.233333333,0.0,0.233333333,2.246666667,-0.333333333,40.76666667
GDP,2010/4/1,14980.193,30.33333333,-7.0,184.2333333,107655.3333,30.66666667,74.0,-0.333333333,0.1,0.2,0.066666667,0.066666667,-0.166666667,130423.6667,2524289.713,-1.0,11519.66667,7.533333333,0.633333333,1.766666667,0.066666667,-0.033333333,0.033333333,7.286666667,30.33333333,41.16666667
GDP,2010/7/1,15141.605,8.0,-5.0,184.6333333,107990.0,6.0,-164.3333333,0.666666667,-0.033333333,0.266666667,0.2,0.133333333,-0.133333333,130402.0,2521207.053,0.766666667,11559.0,6.2,1.1,1.133333333,0.066666667,0.166666667,0.166666667,6.993333333,34.33333333,41.26666667
GDP,2010/10/1,15309.471,3.0,-11.33333333,188.0,108449.0,10.66666667,6.333333333,1.533333333,1.0,0.2,0.133333333,0.133333333,0.033333333,130732.3333,2569383.173,-0.8,11580.66667,6.266666667,1.466666667,1.266666667,0.1,0.333333333,0.1,5.743333333,6.666666667,41.26666667
GDP,2011/1/1,15351.444,36.66666667,3.333333333,195.9,108839.0,26.66666667,-24.66666667,1.166666667,2.1,0.233333333,0.5,0.633333333,0.166666667,131060.6667,2664390.46,0.933333333,11650.0,7.6,2.333333333,2.133333333,0.666666667,0.366666667,0.666666667,4.273333333,30.0,41.26666667
GDP,2011/4/1,15557.535,46.33333333,17.0,203.7,109589.0,17.33333333,-9.333333333,0.533333333,0.966666667,0.3,0.133333333,0.366666667,0.533333333,131748.0,2685677.74,-0.2,11714.66667,10.53333333,3.466666667,3.466666667,0.333333333,0.266666667,0.333333333,2.64,32.0,41.4
GDP,2011/7/1,15647.681,40.66666667,18.66666667,203.8333333,110144.3333,14.0,-60.33333333,0.4,-0.233333333,0.233333333,0.166666667,0.466666667,0.433333333,132160.6667,2715556.623,1.3,11759.66667,10.4,4.5,3.766666667,0.2,0.266666667,0.433333333,2.443333333,27.66666667,41.36666667
GDP,2011/10/1,15842.267,25.66666667,9.0,200.7666667,110743.0,11.0,-9.666666667,-0.266666667,-1.033333333,0.433333333,0.366666667,0.133333333,0.433333333,132717.3333,2743646.327,-0.433333333,11784.0,6.8,4.666666667,3.3,-0.166666667,0.1,0.1,3.05,37.33333333,41.53333333
GDP,2012/1/1,16068.824,42.66666667,4.666666667,202.1666667,111557.3333,32.0,-3.666666667,0.733333333,1.933333333,0.233333333,0.5,0.166666667,0.233333333,133502.6667,2779766.833,1.033333333,11865.33333,3.233333333,3.866666667,2.833333333,0.533333333,0.233333333,0.2,3.51,56.0,41.73333333
GDP,2012/4/1,16207.13,13.0,-1.333333333,201.8,111999.0,12.66666667,-4.333333333,-0.933333333,-0.666666667,0.4,0.3,0.166666667,0.133333333,133923.0,2816931.417,-0.5,11926.33333,-0.933333333,2.866666667,1.9,0.033333333,-0.033333333,0.1,3.77,-1.333333333,41.66666667
GDP,2012/7/1,16319.54,16.66666667,13.33333333,202.4,112413.6667,6.0,-1.666666667,1.433333333,0.8,0.233333333,0.2,0.133333333,0.033333333,134331.6667,2854330.717,0.933333333,11959.33333,-0.7,1.966666667,1.7,0.266666667,0.366666667,0.1,2.583333333,56.66666667,41.56666667
GDP,2012/10/1,16420.386,23.66666667,21.0,202.2666667,112969.0,2.0,-12.66666667,-0.6,-1.5,0.133333333,0.066666667,0.2,0.233333333,134860.0,2899327.917,-0.766666667,11957.0,0.766666667,1.766666667,1.9,-0.266666667,0.033333333,0.133333333,2.123333333,35.33333333,41.56666667
GDP,2013/1/1,16629.05,42.66666667,26.0,203.6,113626.0,13.0,-5.666666667,0.266666667,1.433333333,0.233333333,0.433333333,0.066666667,-0.1,135499.3333,2947421.92,0.7,11992.66667,0.7,1.566666667,1.7,0.466666667,0.133333333,0.133333333,1.923333333,45.0,41.8
GDP,2013/4/1,16699.551,21.0,17.66666667,203.9666667,114221.0,1.666666667,-10.0,-0.566666667,-0.133333333,0.1,0.0,0.1,0.0,136078.6667,2986388.187,-0.533333333,12001.33333,1.1,1.433333333,1.433333333,0.1,0.0,0.066666667,1.723333333,46.33333333,41.76666667
GDP,2013/7/1,16911.068,29.0,18.33333333,204.1666667,114788.0,9.333333333,-1.666666667,0.2,-0.3,0.333333333,0.3,0.066666667,0.066666667,136615.0,3030348.65,0.9,12010.0,0.866666667,1.4,1.566666667,0.066666667,0.133333333,0.1,2.133333333,29.0,41.8
GDP,2013/10/1,17133.114,23.66666667,7.333333333,201.9,115409.3333,17.0,-5.0,0.266666667,-0.8,0.033333333,-0.1,0.1,0.366666667,137240.3333,3076700.007,-0.8,12072.66667,-0.2,1.2,1.233333333,-0.166666667,0.2,0.033333333,2.273333333,38.33333333,41.93333333
GDP,2014/1/1,17144.281,52.0,35.33333333,205.5,115924.3333,12.33333333,4.333333333,-0.166666667,0.9,0.266666667,0.466666667,0.3,-0.3,137748.3333,3127697.073,0.666666667,12102.33333,0.933333333,1.4,1.4,0.466666667,0.166666667,0.333333333,2.19,36.66666667,41.73333333
GDP,2014/4/1,17462.703,52.33333333,31.66666667,208.2,116684.0,16.66666667,20.66666667,0.2,0.766666667,0.2,0.166666667,0.3,0.133333333,138544.0,3187408.107,-0.4,12150.0,2.1,2.233333333,2.066666667,0.266666667,0.166666667,0.266666667,3.126666667,43.0,42.03333333
GDP,2014/7/1,17743.227,59.0,36.33333333,207.1333333,117414.6667,18.66666667,0.666666667,-0.5,-1.066666667,0.133333333,0.1,0.233333333,-0.033333333,139299.0,3243453.823,0.833333333,12207.66667,1.466666667,2.733333333,1.8,-0.033333333,0.033333333,0.3,3.366666667,25.0,42.03333333
GDP,2014/10/1,17852.54,36.66666667,17.0,200.4333333,118154.6667,22.0,16.66666667,-1.766666667,-2.6,0.366666667,0.233333333,0.233333333,-0.3,140086.6667,3287627.95,-1.6,12278.33333,-0.733333333,3.233333333,1.266666667,-0.466666667,-0.166666667,0.166666667,3.246666667,41.33333333,42.13333333
GDP,2015/1/1,17991.348,8.0,13.66666667,191.5333333,118802.3333,6.666666667,7.666666667,-0.8,-0.033333333,0.1,0.333333333,-0.033333333,0.0,140771.6667,3335710.507,1.166666667,12301.66667,-6.8,2.833333333,-0.066666667,0.166666667,0.0,0.0,1.43,29.66666667,41.93333333
GDP,2015/4/1,18193.707,29.0,35.66666667,193.0333333,119468.3333,7.333333333,15.0,0.8,1.433333333,0.233333333,0.166666667,0.133333333,-0.3,141479.0,3398676.22,-0.866666667,12328.33333,-7.3,1.8,-0.033333333,0.366666667,0.233333333,0.066666667,-1.35,42.33333333,41.8
GDP,2015/7/1,18306.96,16.33333333,22.33333333,191.6333333,120078.0,6.666666667,8.333333333,-1.1,-1.7,0.066666667,0.066666667,0.2,0.133333333,142128.0,3458130.59,0.966666667,12349.33333,-7.5,1.6,0.133333333,-0.1,0.0,0.266666667,-1.896666667,57.0,41.8
GDP,2015/10/1,18332.079,32.33333333,40.66666667,185.5666667,120748.0,2.666666667,19.0,-0.433333333,-1.033333333,0.366666667,0.266666667,-0.033333333,0.033333333,142826.0,3470212.503,-1.5,12360.33333,-7.433333333,1.233333333,0.466666667,-0.166666667,0.033333333,-0.1,-3.793333333,42.33333333,41.8
GDP,2016/1/1,18425.306,-9.0,16.0,182.0,121281.3333,-6.666666667,27.0,-0.533333333,-0.033333333,0.366666667,0.566666667,0.0,-0.033333333,143424.6667,3439955.917,1.266666667,12363.33333,-4.966666667,0.833333333,1.1,0.233333333,0.066666667,0.033333333,-3.363333333,43.0,41.83333333
GDP,2016/4/1,18611.617,-1.0,7.666666667,185.3666667,121782.0,2.666666667,0.666666667,0.966666667,1.533333333,0.3,0.266666667,-0.066666667,0.133333333,143969.6667,3502726.737,-0.5,12345.0,-3.966666667,0.633333333,1.033333333,0.4,0.3,-0.066666667,-2.35,34.66666667,41.83333333
GDP,2016/7/1,18775.459,17.33333333,22.33333333,187.0666667,122414.6667,-1.0,47.66666667,-0.233333333,-0.833333333,0.566666667,0.533333333,0.0,-0.1,144713.3333,3560706.353,0.8,12355.66667,-2.4,-0.033333333,1.133333333,0.033333333,0.133333333,0.066666667,-2.116666667,48.66666667,41.9
GDP,2016/10/1,18968.041,20.33333333,16.66666667,187.0666667,122930.0,2.666666667,-6.333333333,0.566666667,0.133333333,0.033333333,0.0,0.0,0.1,145222.0,3617778.64,-1.5,12347.33333,0.833333333,-0.333333333,1.8,-0.033333333,0.2,-0.066666667,-0.826666667,20.0,41.86666667
GDP,2017/1/1,19148.194,44.33333333,28.0,191.2666667,123496.0,12.66666667,8.333333333,0.333333333,0.633333333,0.233333333,0.366666667,0.2,0.066666667,145819.6667,3669566.09,1.5,12379.66667,5.1,0.1,2.533333333,0.333333333,0.2,0.266666667,-0.07,32.0,41.86666667
GDP,2017/4/1,19304.506,36.33333333,20.0,193.1333333,124035.6667,9.666666667,10.33333333,-0.5,0.166666667,0.066666667,0.0,0.066666667,-0.233333333,146383.0,3713758.86,-0.933333333,12410.33333,4.166666667,0.766666667,1.9,0.166666667,0.033333333,0.066666667,1.753333333,48.66666667,41.96666667
GDP,2017/7/1,19561.896,38.0,17.0,194.0333333,124553.6667,18.33333333,-9.0,1.1,0.6,0.2,0.166666667,0.133333333,0.066666667,146892.6667,3756260.69,0.966666667,12455.66667,3.733333333,1.133333333,1.933333333,0.233333333,0.3,0.166666667,1.153333333,17.66666667,41.93333333
GDP,2017/10/1,19894.75,46.66666667,26.0,195.7,124973.6667,18.66666667,17.0,0.3,-0.266666667,0.1,0.066666667,0.133333333,-0.366666667,147348.3333,3813890.767,-1.966666667,12509.33333,4.633333333,1.433333333,2.1,-0.066666667,0.2,0.0,2.616666667,14.33333333,41.93333333
GDP,2018/1/1,20155.486,67.0,34.33333333,198.8333333,125596.3333,25.66666667,14.33333333,0.366666667,0.766666667,0.3,0.433333333,0.1,0.6,148003.0,3863213.277,2.166666667,12585.0,3.966666667,1.466666667,2.233333333,0.4,0.233333333,0.133333333,3.073333333,18.66666667,42.1
GDP,2018/4/1,20470.197,65.0,32.66666667,202.5666667,126257.3333,27.0,18.33333333,0.333333333,1.1,0.2,0.133333333,0.1,0.0,148715.6667,3896808.09,-0.833333333,12659.66667,4.9,1.333333333,2.733333333,0.333333333,0.2,0.133333333,2.88,23.66666667,42.2
GDP,2018/7/1,20687.278,48.33333333,27.66666667,203.7666667,126759.0,17.66666667,-2.666666667,0.3,-0.366666667,-0.066666667,-0.1,0.133333333,-0.333333333,149218.3333,3941039.853,0.6,12726.66667,5.033333333,1.4,2.633333333,0.066666667,0.166666667,0.133333333,4.07,5.0,42.1
GDP,2018/10/1,20819.269,25.66666667,7.0,202.6333333,127163.3333,17.33333333,12.33333333,-0.633333333,-1.266666667,0.233333333,0.166666667,0.2,-0.2,149651.0,3991359.2,-1.8,12780.0,3.566666667,1.4,2.2,-0.133333333,0.066666667,0.1,2.71,29.0,42.03333333
GDP,2019/1/1,21013.085,16.33333333,8.666666667,199.7,127631.0,8.666666667,20.66666667,0.133333333,0.7,0.166666667,0.333333333,0.233333333,-0.166666667,150175.3333,4040540.497,1.433333333,12825.66667,0.433333333,1.9,1.666666667,0.4,0.166666667,0.333333333,1.2,37.0,41.8
GDP,2019/4/1,21272.448,27.0,29.66666667,201.3666667,128078.0,-0.666666667,1.333333333,-0.033333333,0.666666667,0.3,0.2,0.033333333,0.3,150663.3333,4084306.873,-0.533333333,12818.33333,-0.566666667,1.9,1.8,0.233333333,0.1,0.066666667,-0.52,-8.0,41.63333333
GDP,2019/7/1,21531.839,9.0,13.33333333,199.4333333,128502.3333,1.0,22.66666667,0.1,-0.566666667,0.4,0.366666667,0.1,-0.066666667,151102.6667,4131096.327,0.866666667,12824.66667,-2.166666667,1.766666667,1.733333333,0.1,0.166666667,0.133333333,-1.32,48.66666667,41.46666667
GDP,2019/10/1,21706.532,-23.0,-7.666666667,198.8666667,128920.3333,-7.333333333,26.0,0.533333333,-0.133333333,0.666666667,0.533333333,0.2,-0.5,151624.3333,4173056.573,-2.133333333,12796.0,-1.833333333,1.966666667,2.066666667,0.0,0.266666667,0.1,-2.0,49.66666667,41.4
