unique_id,ds,y,exogenous1,exogenous2,exogenous3,exogenous4,exogenous5,exogenous6,exogenous7,exogenous8,exogenous9,exogenous10,exogenous11,exogenous12,exogenous13,exogenous14,exogenous15,exogenous16,exogenous17,exogenous18,exogenous19,exogenous20,exogenous21,exogenous22,exogenous23,exogenous24,exogenous25,exogenous26,exogenous27,exogenous28,exogenous29,exogenous30
chukou,2000-01-01,167.81,0.03,-0.2,8.9,54.2,-3.1,0.9,15.23,152.58,109.7,23851.2,1.96,125272,-3.46,8.2791,3.4,2.1,15.39,-1.8,-5.8,3.06,-3.9,0.0,-2.3,3.32,73.66,-2.65,2.25,152.58,18.74,21.7
chukou,2000-02-01,147.8,1.2,0.7,12.0,54.1,-1.4,1.9,13.52,134.28,110.0,24040.7,3.06,113367,-2.65,8.2779,3.6,3.61,28.85,-1.7,-5.8,4.57,-3.9,-0.2,-2.3,-40.52,75.62,-2.94,2.25,286.87,24.58,39.8
chukou,2000-03-01,201.38,1.87,-0.2,11.9,23.9,-3.3,-1.6,23.33,178.05,110.4,24605.0,4.42,205295,-2.76,8.2785,4.1,4.79,52.15,-1.5,-6.2,6.15,-4.1,-0.3,-2.3,424.27,74.21,-2.36,2.25,465.01,28.45,23.0
chukou,2000-04-01,205.12,2.59,-0.3,11.4,32.8,-3.9,-0.9,21.58,183.54,110.6,24936.27,5.32,193399,-2.38,8.2793,5.0,5.3,73.55,-1.2,-6.3,7.2,-3.7,-0.3,-2.2,125.03,73.93,-2.53,2.25,648.6,33.87,0.7
chukou,2000-05-01,201.12,0.67,0.1,11.5,24.3,-3.1,-1.0,31.47,169.65,111.1,25093.43,0.9,183333,0.25,8.2775,5.9,5.5,104.58,-1.1,-6.2,2.09,-3.3,-0.2,-2.4,68.74,74.7,0.43,2.25,818.26,-2.44,-5.9
chukou,2000-06-01,222.05,2.95,0.5,12.2,39.8,-2.4,-1.5,19.05,203.0,111.2,25302.95,5.47,171152,-1.59,8.2772,5.9,7.1,123.49,-0.9,-6.4,10.1,-3.3,-0.1,-2.3,140.23,73.01,-1.95,2.25,1021.27,19.06,-4.5
chukou,2000-07-01,214.76,4.5,0.5,12.8,40.1,-2.4,-0.8,19.87,194.89,111.4,25509.84,7.15,153431,-0.27,8.2794,5.4,8.6,143.39,-0.7,-6.3,11.54,-3.2,0.0,-2.1,-41.58,73.07,-1.5,2.25,1216.13,26.33,-7.0
chukou,2000-08-01,233.25,3.92,0.3,12.8,54.6,-2.6,1.0,25.4,207.85,111.8,25806.66,6.3,173799,-2.05,8.2795,4.4,4.6,169.49,-0.9,-6.3,10.6,-3.6,0.5,-2.0,-47.9,73.82,-0.25,2.25,1423.94,27.79,-0.7
chukou,2000-09-01,229.8,3.7,0.0,12.0,35.7,-3.7,1.6,22.68,207.12,112.4,26323.62,6.36,193029,-2.75,8.2785,4.6,5.1,192.02,-0.5,-6.3,11.08,-0.5,1.1,-2.0,-31.42,75.46,-0.16,2.25,1631.05,25.42,-4.3
chukou,2000-10-01,227.7,3.6,0.0,11.4,37.4,-3.7,-0.1,38.27,189.43,112.5,26679.51,6.12,171034,-2.46,8.2783,5.0,5.2,230.95,-0.3,-6.4,10.17,-0.4,1.3,-2.2,-13.77,76.01,-0.2,2.25,1820.19,26.78,-9.2
chukou,2000-11-01,221.46,3.5,1.3,10.6,28.0,-1.0,0.7,5.06,216.4,112.7,27180.85,5.8,187497,-2.1,8.2774,5.5,5.0,235.55,-0.1,-6.2,9.6,-0.6,1.1,-2.6,-80.3,76.8,-0.3,2.25,2036.84,26.6,6.7
chukou,2000-12-01,219.86,2.8,1.5,10.4,22.9,-0.1,0.1,5.72,214.14,112.9,27931.19,4.6,215608,-1.6,8.2771,5.2,4.7,241.15,-0.2,-6.2,8.0,-0.4,0.7,-2.5,-79.69,76.64,-0.7,2.25,2250.97,21.6,5.1
chukou,2001-01-01,167.92,1.43,1.2,2.3,1.9,-0.4,0.9,12.44,155.48,113.2,33166.28,2.71,121103,-1.64,8.2769,2.5,3.6,13.81,-1.3,-0.5,5.99,8.8,0.5,-1.9,-18.32,77.65,-1.08,2.25,155.45,11.22,-4.8
chukou,2001-02-01,189.71,0.9,0.0,19.0,35.8,-3.3,0.1,7.38,182.33,112.9,33630.89,1.8,184596,-1.4,8.2779,2.4,2.7,23.67,-2.1,-1.7,4.5,9.3,0.4,-2.1,-45.41,77.82,-1.1,2.25,337.71,7.8,-20.0
chukou,2001-03-01,230.12,0.2,0.8,12.1,16.5,-1.0,-0.6,22.65,207.47,113.2,34313.56,1.0,245686,-1.7,8.2775,2.2,2.1,47.31,-2.2,-2.0,3.4,9.5,0.4,-2.2,-2.91,78.63,-1.0,2.25,545.43,2.9,-8.2
chukou,2001-04-01,227.87,-0.1,1.6,11.5,19.1,1.3,0.2,9.2,218.67,113.8,34961.81,0.4,240773,-1.2,8.2771,1.6,1.0,53.84,-2.0,-1.1,2.4,9.6,0.3,-2.3,-57.37,79.59,-1.2,2.25,763.74,0.4,8.7
chukou,2001-05-01,208.08,-0.2,1.7,10.2,10.9,1.7,-0.5,19.98,188.1,113.4,35374.03,0.1,199935,-1.1,8.2772,1.2,1.1,73.14,-1.8,-0.7,1.6,9.4,0.3,-2.3,-36.51,78.65,-1.6,2.25,951.81,4.0,15.4
chukou,2001-06-01,220.76,-0.6,1.4,10.1,4.8,1.0,-1.2,7.98,212.78,113.6,36023.19,-0.2,193678,-1.3,8.2771,1.0,0.5,81.43,-1.7,-0.4,0.8,9.1,0.0,-2.2,-58.11,78.42,-1.7,2.25,1164.31,4.2,15.3
chukou,2001-07-01,228.11,-1.3,1.5,8.1,7.5,1.5,-0.5,18.59,209.52,114.5,36394.56,-1.3,177082,-1.2,8.2769,0.7,-0.4,100.74,-1.8,-0.7,-0.8,8.9,-0.1,-2.2,-6.44,78.61,-1.9,2.25,1373.81,0.5,22.8
chukou,2001-08-01,235.36,-2.0,1.0,8.1,6.7,0.2,0.1,13.61,221.75,113.8,36881.02,-2.2,194222,-1.6,8.2769,0.5,-1.3,114.55,-2.3,-0.7,-1.8,8.8,-0.3,-2.3,-46.42,76.97,-2.2,2.25,1595.39,-3.5,11.9
chukou,2001-09-01,239.87,-2.9,-0.1,9.5,5.5,0.3,0.9,21.42,218.45,113.5,37689.36,-3.5,212928,-1.5,8.2768,-0.3,-1.8,134.4,-2.0,-1.0,-4.4,1.9,-0.4,-2.4,-5.56,76.99,-2.8,2.25,1813.55,-3.1,8.4
chukou,2001-10-01,227.9,-3.1,0.2,8.8,-0.2,0.8,0.3,38.89,189.01,113.4,37732.44,-3.7,182814,-1.4,8.2768,0.6,-2.5,173.24,-1.9,-1.0,-4.3,2.1,-0.5,-2.4,1.62,77.62,-2.8,2.25,2002.55,-6.4,6.2
chukou,2001-11-01,240.0,-3.7,-0.3,7.9,-3.7,-0.8,-0.2,31.55,208.45,113.1,38245.77,-4.5,196795,-1.8,8.2768,0.6,-3.5,203.69,-1.7,-1.1,-5.0,2.0,-0.3,-2.4,523.52,78.22,-3.2,2.25,2212.0,-9.3,-7.2
chukou,2001-12-01,245.03,-4.0,-0.3,8.7,4.6,-0.7,0.1,21.13,223.9,113.3,39238.08,-4.8,208930,-2.0,8.2768,0.6,-4.1,225.41,-1.7,-0.8,-6.1,0.6,-0.2,-2.4,269.41,78.85,-3.3,2.25,2436.13,-8.1,-4.7
chukou,2002-01-01,217.03,-4.2,-1.0,18.6,21.9,-1.9,0.3,27.33,189.7,113.1,40450.93,-5.0,187120,-2.3,8.2767,0.6,-4.8,27.33,-1.8,-2.7,-6.1,1.3,-0.8,-2.5,119.69,80.18,-3.7,2.25,189.7,-7.6,-5.2
chukou,2002-02-01,191.37,-4.2,0.0,2.7,-12.7,0.6,1.1,32.27,159.1,113.3,40770.93,-4.7,159040,-2.9,8.2766,0.6,-4.64,59.51,-2.0,-0.5,-6.2,0.8,-0.8,-2.3,337.26,81.38,-3.6,1.98,348.88,-5.1,-1.4
chukou,2002-03-01,238.18,-4.0,-0.8,10.9,8.5,-0.6,-1.3,13.11,225.07,113.4,41424.57,-4.5,291339,-2.7,8.277000000000001,-0.3,-4.7,72.77,-2.2,-0.9,-5.7,0.2,-1.2,-2.4,-42.12,79.54,-3.7,1.98,573.8,-3.9,-11.3
chukou,2002-04-01,267.3,-3.06,-1.3,12.1,17.8,-2.0,-0.3,9.8,257.5,113.3,41707.64,-3.38,339553,-2.29,8.2772,-0.2,-3.79,82.2,-2.2,-1.9,-4.08,0.2,-1.2,-2.3,6.52,78.64,-3.22,1.98,831.3,-1.18,-15.6
chukou,2002-05-01,246.44,-2.63,-1.1,12.9,19.3,-1.5,-0.3,22.09,224.35,113.3,42357.01,-2.74,294014,-2.35,8.277000000000001,-0.3,-2.85,104.31,-1.9,-2.1,-2.83,0.4,-1.3,-2.4,10.56,76.57,-3.31,1.98,1055.59,1.18,-7.3
chukou,2002-06-01,260.2,-2.5,-0.8,12.4,8.6,-0.2,-0.9,29.2,231.0,113.5,43448.49,-2.6,267416,-2.2,8.277000000000001,-0.5,-2.81,134.03,-2.2,-2.4,-2.7,0.3,-1.2,-2.7,265.91,74.73,-3.2,1.98,1286.49,1.6,0.4
chukou,2002-07-01,292.1,-2.3,-0.9,12.8,28.9,-0.9,-0.7,22.2,269.9,113.5,43881.2,-2.6,261209,-1.8,8.2768,-0.5,-2.49,156.43,-2.4,-2.3,-2.1,0.5,-1.2,-2.7,19.42,72.9,-3.4,1.98,1556.0,0.5,-3.7
chukou,2002-08-01,294.0,-1.7,-0.7,12.7,23.0,-0.4,0.3,22.0,272.0,113.4,44722.23,-1.7,271537,-1.8,8.2767,-0.4,-2.0,179.0,-2.5,-2.1,-0.8,0.7,-1.1,-2.6,61.65,73.44,-3.1,1.98,1827.95,2.9,3.0
chukou,2002-09-01,319.11,-1.4,-0.7,13.8,36.4,-0.2,1.0,21.17,297.94,113.5,45931.11,-1.2,308763,-1.8,8.277000000000001,-0.1,-1.16,199.91,-2.6,-2.1,0.1,0.8,-1.5,-2.6,-1.17,74.21,-2.9,1.98,2125.71,3.5,3.4
chukou,2002-10-01,299.46,-1.0,-0.8,14.2,33.4,-0.5,0.2,47.46,252.0,113.6,46547.71,-0.6,283149,-1.9,8.2769,0.0,-0.56,247.4,-2.8,-2.0,1.0,0.9,-1.1,-2.6,22.04,74.71,-2.9,1.98,2377.59,6.0,5.9
chukou,2002-11-01,312.05,-0.4,-0.7,14.5,37.9,-0.1,-0.1,24.66,287.39,113.9,47274.29,0.2,295287,-2.0,8.2771,0.0,0.53,272.15,-2.9,-2.0,2.2,0.6,-1.3,-2.7,-21.84,73.83,-2.6,1.98,2664.83,10.7,7.1
chukou,2002-12-01,318.91,0.4,-0.4,14.9,28.4,0.5,0.3,31.58,287.33,113.8,48642.04,1.3,284714,-1.7,8.2772,0.2,1.34,303.62,-2.9,-1.8,3.7,0.8,-1.2,-2.7,49.46,73.68,-2.4,1.98,2952.03,13.5,8.1
chukou,2003-01-01,297.76,2.4,0.4,14.8,63.4,2.4,1.1,-12.4,310.16,114.0,49991.72,3.8,323154,-1.6,8.2768,1.0,3.2,-12.4,-2.9,-1.3,8.5,0.9,-1.2,-2.8,-145.37,73.16,-1.4,1.98,310.16,20.2,24.2
chukou,2003-02-01,244.56,4.0,0.2,19.8,49.4,1.8,0.9,6.76,237.8,114.1,50448.38,5.9,261496,-1.3,8.2774,0.9,4.78,-5.7,-2.9,-2.0,11.8,1.3,-1.1,-2.9,-79.05,73.58,-1.0,1.98,547.94,27.5,30.2
chukou,2003-03-01,320.91,4.6,0.9,16.9,45.1,3.2,-0.6,-4.58,325.49,113.9,52032.26,6.7,390078,-1.2,8.2772,2.1,5.8,-10.26,-2.6,-2.0,11.8,1.5,-0.7,-2.9,-134.94,72.82,-0.1,1.98,873.42,31.1,50.7
chukou,2003-04-01,356.17,3.6,1.0,14.9,34.4,3.2,-0.2,10.14,346.03,103.5,52909.69,5.3,382228,-1.2,8.2771,1.9,5.93,1.01,-2.3,-2.0,9.6,1.4,0.9,-2.8,3.47,72.63,0.2,1.98,1219.23,22.7,43.9
chukou,2003-05-01,338.4,2.0,0.7,13.7,40.9,1.9,-0.7,22.3,316.1,100.0,53907.98,3.2,317826,-1.3,8.2769,1.8,4.36,23.72,-2.4,-2.4,5.7,1.2,2.2,-2.6,0.95,70.13,0.0,1.98,1534.85,13.8,18.3
chukou,2003-06-01,344.76,1.3,0.3,16.9,40.1,0.4,-1.2,21.4,323.36,103.4,56013.38,2.3,349779,-1.2,8.277000000000001,2.1,3.88,44.99,-2.2,-2.3,4.9,1.7,2.1,-2.5,-26.71,69.34,-0.1,1.98,1858.22,7.5,-2.9
chukou,2003-07-01,381.1,1.4,0.5,16.5,35.3,1.0,-0.5,15.96,365.14,106.4,57279.61,2.4,336341,-1.3,8.2772,2.3,4.0,60.81,-2.0,-2.4,5.1,1.4,1.7,-2.5,-28.11,69.63,0.0,1.98,2223.28,7.0,-0.7
chukou,2003-08-01,374.15,1.4,0.9,17.1,27.3,2.2,0.7,27.94,346.21,108.2,58378.92,2.4,350749,-1.4,8.277000000000001,2.2,4.0,88.57,-1.9,-2.3,5.1,1.6,1.4,-2.5,27.0,70.25,0.1,1.98,2569.33,6.5,4.9
chukou,2003-09-01,419.4,1.4,1.1,16.3,39.9,3.2,1.2,2.9,416.5,108.6,60215.29,2.4,394973,-1.3,8.2771,1.9,4.1,91.47,-2.0,-2.3,4.8,1.1,1.5,-2.5,-86.3,69.88,0.3,1.98,2985.56,6.2,12.0
chukou,2003-10-01,409.26,1.2,1.8,17.2,39.7,5.1,0.9,57.34,351.92,109.9,60896.33,2.1,360417,-1.1,8.2767,2.3,4.6,148.65,-1.8,-2.5,3.4,1.3,1.1,-2.4,20.82,68.7,0.9,1.98,3337.32,4.3,16.0
chukou,2003-11-01,417.62,1.9,3.0,17.9,28.5,8.1,1.0,48.69,368.93,110.3,61801.48,2.7,405846,-0.3,8.2769,3.1,5.85,197.48,-1.7,-2.5,4.2,1.2,1.3,-2.3,97.45,69.73,1.6,1.98,3705.89,4.4,19.4
chukou,2003-12-01,480.6,3.0,3.2,18.1,47.4,8.6,0.6,57.2,423.4,111.2,63401.4,4.1,456451,-0.1,8.277000000000001,3.5,7.05,255.34,-1.8,-2.3,5.9,1.2,1.4,-2.2,81.13,68.9,2.4,1.98,4128.36,7.9,20.5
chukou,2004-01-01,357.15,3.5,3.2,7.2,15.2,8.0,1.1,-0.23,357.38,111.3,64943.47,4.6,304075,0.3,8.2769,2.8,7.44,-0.24,-1.6,-1.3,6.3,1.8,1.6,-1.9,98.15,68.79,3.1,1.98,357.37,7.5,0.6
chukou,2004-02-01,341.58,3.5,2.1,23.2,77.0,5.6,-0.2,-78.72,420.3,111.1,65663.96,4.6,430057,0.5,8.2771,3.0,8.1,-78.94,-1.3,-2.6,5.4,0.1,1.5,-1.8,-1264.5,68.34,4.2,1.98,777.66,4.2,-10.4
chukou,2004-03-01,458.48,4.0,3.0,19.4,42.8,7.9,0.3,-5.4,463.88,111.3,67375.12,5.1,542598,1.0,8.2771,3.2,9.45,-84.4,-1.0,-2.0,5.5,0.5,1.5,-1.7,-17.9,69.03,5.0,1.98,1241.43,4.2,-15.2
chukou,2004-04-01,471.24,5.0,3.8,19.1,42.9,10.2,0.5,-22.55,493.79,110.8,68619.89,6.2,497896,1.8,8.2769,3.8,10.49,-107.52,-1.3,-1.6,7.1,0.9,-0.2,-1.6,-322.39,69.5,5.1,1.98,1734.93,9.3,-14.8
chukou,2004-05-01,448.69,5.7,4.4,17.5,35.4,11.8,-0.1,21.04,427.65,108.0,69447.41,7.1,396169,1.7,8.277000000000001,4.6,11.23,-86.57,-1.4,-1.3,8.9,1.2,-1.4,-1.5,-5.65,70.16,5.2,1.98,2162.47,12.7,-6.0
chukou,2004-06-01,504.96,6.4,5.0,16.2,50.5,14.0,-0.7,18.43,486.53,105.1,70239.76,8.1,380097,1.8,8.2766,4.9,11.82,-68.2,-1.5,-1.3,10.3,0.7,-1.4,-1.4,-13.88,68.97,5.1,1.98,2648.97,19.2,10.2
chukou,2004-07-01,510.04,6.4,5.3,15.5,34.2,14.6,-0.2,20.33,489.71,106.3,70683.23,8.2,345950,1.4,8.2767,5.0,11.97,-48.76,-1.6,-1.2,10.4,1.1,-1.2,-1.2,27.38,68.65,4.7,1.98,3139.94,22.1,13.4
chukou,2004-08-01,514.0,6.8,5.3,15.9,35.6,13.9,0.7,44.9,469.1,105.9,71414.53,8.7,382260,1.6,8.2768,6.0,12.86,-9.45,-1.7,-1.2,11.4,1.1,-1.0,-1.1,60.7,69.25,4.9,1.98,3615.38,23.1,5.8
chukou,2004-09-01,558.03,7.9,5.2,16.1,22.1,13.0,1.1,49.92,508.11,106.5,72608.6,10.2,439099,1.7,8.2766,6.4,13.67,39.25,-1.6,-1.2,14.0,1.9,-0.8,-1.1,1621.38,69.5,5.5,1.98,4123.11,26.7,1.0
chukou,2004-10-01,525.27,8.4,4.3,15.7,29.3,10.0,0.0,70.93,454.34,107.1,73384.04,10.9,404709,1.7,8.2765,6.8,14.24,109.69,-1.8,-1.3,14.6,1.9,-0.8,-1.0,23.7,68.3,5.4,2.25,4577.46,32.5,-9.5
chukou,2004-11-01,609.25,8.1,2.8,14.8,38.5,5.9,-0.3,98.95,510.3,108.2,74694.15,10.7,451619,0.9,8.2765,6.3,13.66,208.35,-1.8,-1.3,15.0,2.1,-0.8,-1.1,103.22,66.58,4.6,2.25,5087.71,35.2,-14.4
chukou,2004-12-01,637.84,7.1,2.4,14.4,24.6,4.9,0.1,110.76,527.08,108.7,76707.37,9.4,486651,0.5,8.2765,5.6,12.03,319.46,-1.7,-1.4,13.2,2.3,-0.7,-1.1,93.64,65.6,4.3,2.25,5614.23,29.3,-15.4
chukou,2005-01-01,507.55,5.8,1.9,20.9,23.9,4.0,0.6,64.94,442.61,109.1,78194.81,7.8,366053,0.3,8.2765,5.5,10.74,64.94,-1.6,-2.6,11.5,1.7,-0.8,-1.0,28334.78,66.4,3.8,2.25,442.61,19.6,-10.2
chukou,2005-02-01,442.73,5.38,3.9,7.6,-5.0,8.8,1.8,43.57,399.16,109.6,78726.19,7.1,318588,0.4,8.2765,5.6,9.76,108.48,-1.9,-0.6,10.4,3.3,-0.7,-0.8,155.35,67.47,3.0,2.25,841.75,21.6,13.1
chukou,2005-03-01,608.69,5.6,2.7,15.1,18.6,5.6,-0.9,57.33,551.36,110.1,80084.75,7.6,582434,0.2,8.2765,5.8,9.7,165.81,-2.5,-1.2,11.1,2.8,-0.6,-0.7,1161.67,66.05,2.7,2.25,1393.11,26.8,9.0
chukou,2005-04-01,621.51,5.78,1.8,16.0,16.2,3.1,-0.3,45.91,575.6,110.5,80752.84,7.9,536732,-0.2,8.2765,5.8,9.85,210.74,-2.4,-1.4,11.4,2.8,-0.7,-0.5,303.59,66.39,2.6,2.25,1969.37,29.8,6.4
chukou,2005-05-01,584.27,5.9,1.8,16.6,15.0,2.8,-0.2,89.88,494.39,110.0,81059.58,8.2,466272,-0.3,8.2765,5.8,9.99,300.11,-2.2,-1.4,11.1,2.8,-0.5,-0.3,327.19,66.34,2.7,2.25,2463.86,34.1,10.1
chukou,2005-06-01,659.6,5.2,1.6,16.8,15.1,2.1,-0.8,96.78,562.82,110.4,81931.27,7.2,517041,-0.3,8.2765,5.8,9.0,396.46,-1.9,-1.3,9.7,2.7,-0.3,0.0,425.12,66.92,2.7,2.25,3026.94,28.0,8.9
chukou,2005-07-01,655.84,5.2,1.8,16.1,12.4,2.3,0.0,105.45,550.39,110.1,82085.3,7.1,433198,-0.2,8.2223,5.9,8.46,501.13,-1.8,-1.0,10.0,2.9,0.2,0.0,418.69,68.15,2.5,2.25,3578.25,26.5,15.5
chukou,2005-08-01,684.0,5.3,1.3,16.0,23.5,0.9,0.2,105.93,578.07,110.3,82782.57,7.3,418722,-0.3,8.1019,5.2,8.08,607.77,-1.6,-0.7,10.6,3.0,0.2,0.2,135.92,68.18,2.1,2.25,4154.74,28.9,7.7
chukou,2005-09-01,701.9,4.5,0.9,16.5,23.5,0.3,0.7,75.7,626.2,110.0,84284.89,6.2,495959,-0.4,8.0922,5.2,7.1,683.35,-1.4,-0.6,9.1,1.3,0.5,0.3,51.64,68.37,1.5,2.25,4780.84,26.4,4.9
chukou,2005-10-01,680.92,4.0,1.2,16.1,23.4,1.3,0.4,120.16,560.76,109.3,84801.72,5.6,451904,-0.5,8.0889,4.8,6.5,803.74,-1.1,-0.4,8.3,1.3,0.6,0.4,69.41,69.26,1.0,2.25,5341.2,25.9,17.5
chukou,2005-11-01,722.18,3.2,1.3,16.6,21.0,1.6,-0.3,105.31,616.87,109.2,85642.97,4.5,549603,-0.5,8.084,4.7,5.4,908.47,-1.0,-0.3,6.9,1.1,0.5,0.5,6.43,70.36,0.8,2.25,5957.93,20.1,22.0
chukou,2005-12-01,754.1,3.2,1.6,16.5,22.2,2.2,0.4,110.1,644.0,110.0,87460.42,4.6,620885,-0.5,8.0759,5.0,5.0,1020.0,-0.9,-0.3,7.0,0.9,0.7,0.6,-0.6,70.22,0.5,2.25,6599.5,22.3,25.8
chukou,2006-01-01,649.89,3.05,1.9,12.6,25.4,3.6,1.3,94.92,554.97,110.3,89680.58,4.17,530077,-0.26,8.0664,5.2,6.4,94.89,-1.6,-0.5,6.4,0.9,0.3,0.6,46.17,69.66,0.11,2.25,555.0,25.21,34.9
chukou,2006-02-01,541.08,3.01,0.9,20.1,29.5,1.2,0.5,24.24,516.84,109.2,90345.67,4.16,479953,-0.39,8.0493,5.2,6.8,120.15,-1.4,-1.0,6.4,-0.5,0.5,0.6,-44.37,70.66,0.09,2.25,1071.75,25.24,14.6
chukou,2006-03-01,780.46,2.49,0.8,17.8,21.1,0.8,-1.0,111.89,668.57,109.9,92524.96,3.45,721464,-0.33,8.035,4.6,6.18,233.09,-0.8,-0.7,5.63,-0.2,0.7,0.6,95.17,69.67,0.01,2.25,1739.96,20.2,10.0
chukou,2006-04-01,769.48,1.87,1.2,16.6,15.3,1.8,0.1,104.57,664.91,109.4,93886.45,2.64,672947,-0.39,8.0156,4.3,4.9,337.51,-0.5,-0.6,5.4,-0.1,1.0,0.7,127.77,68.94,-0.07,2.25,2404.83,12.05,15.6
chukou,2006-05-01,731.14,2.43,1.4,17.9,21.7,1.9,-0.2,130.04,601.1,109.4,95246.57,3.39,567466,-0.39,8.0153,4.5,5.5,467.93,-0.4,-0.2,6.03,-0.1,1.3,0.8,44.68,67.15,0.75,2.25,3005.27,12.88,14.6
chukou,2006-06-01,813.11,3.52,1.5,19.5,18.9,2.1,1.5,145.03,668.08,109.8,97682.2,4.8,557597,-0.24,8.0067,4.3,6.6,614.48,-0.5,0.4,8.47,0.0,1.5,1.2,49.86,67.7,1.3,2.25,3671.46,16.74,13.5
chukou,2006-07-01,803.37,3.58,1.0,16.7,19.7,0.6,1.0,146.23,657.14,109.7,99135.57,4.8,467086,0.0,7.9912,4.5,6.65,759.65,-0.6,0.3,8.13,0.0,1.4,1.4,38.67,67.53,1.58,2.25,4329.38,15.95,-3.5
chukou,2006-08-01,907.66,3.4,1.3,15.7,24.6,1.4,0.4,187.96,719.7,110.2,100565.8,4.5,528087,0.3,7.9733,4.8,6.7,946.57,-0.5,0.1,7.3,-0.1,1.5,1.5,77.44,67.44,1.5,2.52,5049.77,15.7,-0.1
chukou,2006-09-01,916.4,3.5,1.5,16.1,22.0,2.4,0.5,153.0,763.4,111.7,102649.43,4.41,634993,0.62,7.9368,5.0,6.9,1098.51,-0.5,0.2,7.21,-1.4,1.3,1.7,102.11,68.51,1.73,2.52,5813.79,13.61,7.8
chukou,2006-10-01,881.27,2.9,1.4,14.7,14.7,2.2,0.1,238.29,642.98,111.6,103487.01,3.8,576348,0.6,7.9032,4.6,5.6,1336.21,-0.2,0.1,6.3,-1.3,1.3,1.7,98.31,69.14,2.1,2.52,6456.65,7.4,-5.7
chukou,2006-11-01,958.54,2.78,1.9,14.9,18.3,3.7,0.3,229.28,729.26,112.0,104639.29,3.38,688962,1.0,7.8652,4.2,4.8,1565.21,0.1,0.3,5.92,-1.5,1.3,1.8,117.72,69.12,2.3,2.52,7185.22,1.9,-4.2
chukou,2006-12-01,940.94,3.1,2.8,14.7,13.5,6.3,1.4,209.97,730.97,113.1,106512.4,3.6,758578,1.46,7.8238,4.6,5.0,1775.2,0.1,0.4,6.35,-1.6,1.2,1.9,90.71,69.37,2.33,2.52,7914.6,2.73,1.0
chukou,2007-01-01,865.94,3.3,2.2,24.71,27.44,5.0,0.7,158.68,707.26,112.4,108947.68,3.82,717102,1.81,7.7898,3.8,4.7,158.68,0.5,-0.3,6.74,-2.3,1.3,2.0,67.17,70.87,2.22,2.52,707.26,4.68,-11.9
chukou,2007-02-01,821.49,2.6,2.7,12.6,12.91,6.0,1.0,237.91,583.58,111.8,110818.03,2.83,553381,1.91,7.7546,3.7,3.99,396.58,0.2,-0.4,5.84,-0.8,1.4,2.2,881.48,71.84,1.88,2.52,1290.84,-1.25,-10.4
chukou,2007-03-01,835.76,2.7,3.3,17.6,14.7,7.7,-0.3,68.9,766.86,111.0,113404.79,2.93,847177,1.85,7.7391,4.0,3.7,465.48,-0.2,0.1,6.12,-1.0,1.4,2.2,-38.42,70.69,2.03,2.79,2057.7,-1.41,2.3
chukou,2007-04-01,974.94,2.9,3.0,17.4,21.46,7.1,-0.1,167.34,807.6,112.3,115323.47,3.13,808701,2.13,7.7247,4.2,3.7,632.82,-0.2,-0.2,6.14,-1.2,1.5,2.2,60.03,69.82,1.98,2.79,2865.3,0.46,3.1
chukou,2007-05-01,940.74,2.8,3.4,18.1,19.19,8.3,0.3,224.3,716.44,112.8,117026.9,2.87,713595,2.44,7.6704,4.0,3.6,857.12,-0.1,-0.5,5.73,-1.2,1.6,2.2,72.49,70.29,1.8,3.06,3581.74,0.28,-2.3
chukou,2007-06-01,1033.94,2.49,4.4,19.4,14.46,11.3,0.4,269.25,764.69,113.7,120375.96,2.48,726879,2.54,7.6296,4.4,3.39,1126.37,-0.3,-1.1,5.17,-1.2,1.9,1.8,85.65,71.07,1.61,3.06,4346.43,-1.01,4.8
chukou,2007-07-01,1078.3,2.4,5.6,18.0,26.83,15.4,0.9,244.83,833.47,112.9,122245.76,2.2,640958,3.07,7.5805,4.4,3.57,1371.2,-0.6,-1.3,4.26,-1.2,2.2,1.7,67.43,71.32,1.41,3.33,5179.9,-0.12,18.7
chukou,2007-08-01,1114.24,2.6,6.5,17.5,19.81,18.2,1.2,252.0,862.24,113.5,124403.0,2.23,671642,3.53,7.5753,4.3,3.82,1623.2,-0.9,-1.3,3.92,-1.1,2.3,1.7,34.07,72.07,1.49,3.6,6042.14,1.4,22.5
chukou,2007-09-01,1123.51,2.7,6.2,18.9,15.62,16.9,0.3,240.88,882.63,113.1,127190.21,2.5,772810,3.32,7.5258,4.2,3.6,1864.08,-1.0,-1.4,4.18,-0.4,2.6,1.8,57.44,71.88,1.84,3.87,6924.77,1.19,12.0
chukou,2007-10-01,1077.45,3.2,6.5,17.9,25.27,17.6,0.3,271.98,805.47,112.6,128971.95,3.11,692307,3.5,7.5012,4.8,4.5,2136.07,-1.3,-1.7,4.78,-0.5,2.9,1.8,14.14,70.88,1.93,3.87,7730.24,5.43,29.9
chukou,2007-11-01,1175.92,4.55,6.9,17.3,25.06,18.2,0.7,263.89,912.03,112.0,130239.79,4.83,800944,3.72,7.4233,6.0,6.33,2399.96,-1.4,-1.4,6.8,-0.5,3.1,1.9,15.1,70.94,2.38,3.87,8642.27,15.06,28.6
chukou,2007-12-01,1144.12,5.43,6.5,17.4,25.48,16.7,1.0,226.89,917.23,113.1,131539.08,6.01,839295,3.71,7.3676,5.9,8.06,2643.44,-1.7,-1.4,7.69,-0.5,3.2,1.9,8.06,72.34,2.89,4.14,9561.16,22.09,9.5
chukou,2008-01-01,1097.56,6.1,7.1,15.4,27.65,18.2,1.2,194.75,902.81,111.6,135997.62,6.53,859388,4.63,7.2478,6.1,8.87,194.75,-1.9,-1.1,8.52,-0.3,3.2,2.1,22.73,73.7,3.81,4.14,902.81,20.46,13.7
chukou,2008-02-01,873.61,6.62,8.7,15.4,35.62,23.3,2.6,82.15,791.46,110.0,137928.16,7.16,663544,4.9,7.1601,6.6,9.67,276.9,-1.4,-1.4,8.81,-0.9,3.2,2.1,-65.47,75.96,4.06,4.14,1694.27,25.25,46.0
chukou,2008-03-01,1089.98,7.95,8.3,17.8,25.01,21.4,-0.7,131.33,958.65,110.3,140104.23,8.72,1056573,5.48,7.0752,7.0,10.99,408.23,-1.2,-1.7,10.18,-0.7,3.7,2.5,90.61,74.01,5.45,4.14,2652.92,28.99,22.7
chukou,2008-04-01,1190.05,8.12,8.5,15.7,26.79,22.1,0.1,166.11,1023.94,109.7,142521.16,8.96,922634,5.41,7.0007,6.8,11.82,574.34,-1.4,-1.7,10.37,-0.7,3.6,2.7,-0.74,74.38,5.98,4.14,3676.86,27.18,13.6
chukou,2008-05-01,1206.99,8.22,7.7,16.0,40.67,19.9,-0.4,199.18,1007.81,110.0,144496.76,9.19,835538,5.11,6.9724,7.1,11.86,773.51,-1.5,-1.6,10.91,-1.2,3.3,2.8,-11.2,74.65,6.26,4.14,4684.67,25.86,10.3
chukou,2008-06-01,1213.2,8.84,7.1,16.0,31.36,17.3,-0.2,208.74,1004.46,109.8,146615.71,10.1,836814,4.78,6.8971,7.7,13.48,982.25,-1.5,-1.1,11.17,-1.0,3.1,2.9,-22.47,75.03,7.16,4.14,5689.13,29.32,8.3
chukou,2008-07-01,1368.37,10.03,6.3,14.7,33.67,14.4,0.1,254.25,1114.12,110.2,148649.02,11.71,665854,4.6,6.8376,7.7,15.39,1236.51,-1.4,-0.3,14.26,-0.9,3.1,3.1,3.85,75.0,7.66,4.14,6803.24,34.14,8.4
chukou,2008-08-01,1353.87,10.06,4.9,12.8,22.93,10.3,-0.1,293.88,1059.99,109.3,150153.41,11.95,629017,3.97,6.8515,7.1,15.34,1530.37,-1.1,-0.2,14.41,-0.8,2.9,3.2,16.62,76.74,7.85,4.14,7863.24,35.09,-0.5
chukou,2008-09-01,1367.59,9.13,4.6,11.4,20.99,9.7,0.0,299.67,1067.92,108.9,151968.84,10.83,751531,3.65,6.8307,6.5,13.96,1830.05,-1.2,-0.2,13.04,-0.4,2.6,3.2,24.41,78.86,7.34,4.14,8931.16,30.1,0.1
chukou,2008-10-01,1285.32,6.59,4.0,8.2,15.15,8.5,-0.3,357.84,927.48,107.9,152820.96,7.67,715665,3.13,6.8316,4.6,11.04,2187.89,-1.3,0.0,8.98,-0.3,2.4,3.4,31.57,82.28,5.14,3.6,9858.64,22.66,0.2
chukou,2008-11-01,1149.85,1.99,2.4,5.4,-18.14,5.9,-0.8,403.28,746.57,105.2,152185.74,1.95,685154,2.12,6.8286,1.1,4.7,2591.18,-1.7,-0.7,0.44,-0.3,2.0,3.1,52.82,84.46,2.07,2.52,10605.2,6.58,-2.1
chukou,2008-12-01,1110.55,-1.14,1.2,5.7,-21.45,4.2,-0.2,390.09,720.46,101.8,154999.79,-1.87,741594,1.19,6.8424,-1.4,-1.27,2981.23,-2.2,-1.4,-3.88,-0.6,1.7,2.9,71.93,82.49,-0.27,2.25,11325.67,-6.96,5.5
chukou,2009-01-01,904.85,-3.35,1.0,-2.93,-43.1,4.2,0.9,391.13,513.72,101.3,161255.96,-4.43,735865,0.12,6.8382,-2.3,-5.28,391.13,-2.7,-2.5,-6.82,0.3,1.6,2.6,100.84,84.08,-2.18,2.25,513.72,-13.18,19.6
chukou,2009-02-01,648.66,-4.47,-1.6,11.0,-24.12,-1.9,0.0,48.07,600.59,101.0,165070.72,-5.72,827550,-0.45,6.8357,-2.9,-7.1,439.2,-2.3,-3.0,-8.43,-1.1,1.3,2.1,-41.49,86.33,-2.97,2.25,1114.31,-17.41,-9.3
chukou,2009-03-01,902.19,-6.0,-1.2,8.3,-25.05,-0.7,-0.3,183.68,718.51,100.3,174056.55,-7.4,1109734,-1.4,6.8341,-3.5,-8.9,622.88,-2.3,-2.5,-10.2,-0.7,1.0,1.5,39.86,86.16,-4.5,2.25,1832.82,-19.9,5.9
chukou,2009-04-01,919.23,-6.6,-1.5,7.3,-22.86,-1.3,-0.2,129.4,789.83,100.5,178782.87,-8.11,1153082,-1.72,6.8312,-4.0,-9.56,752.27,-2.3,-2.2,-10.27,-1.0,0.9,0.9,-22.1,84.16,-5.4,2.25,2622.66,-21.47,10.9
chukou,2009-05-01,886.99,-7.2,-1.4,8.9,-24.92,-0.6,-0.3,130.34,756.65,101.2,183289.26,-8.84,1119716,-1.93,6.8245,-4.8,-10.37,882.61,-2.3,-2.3,-10.87,-0.8,0.9,0.5,-34.56,81.44,-6.24,2.25,3379.31,-21.8,22.2
chukou,2009-06-01,954.58,-7.8,-1.7,10.7,-12.88,-1.1,-0.5,79.47,875.11,101.0,193128.85,-9.6,1142076,-2.1,6.8332,-5.7,-11.25,962.08,-2.3,-2.4,-11.0,-0.7,0.9,0.1,-61.93,79.85,-7.2,2.25,4254.42,-23.5,17.6
chukou,2009-07-01,1053.91,-8.2,-1.8,10.8,-14.6,-1.2,0.0,102.4,951.51,102.1,198559.98,-10.1,1085558,-2.3,6.832000000000001,-5.8,-11.68,1064.47,-2.4,-2.7,-12.1,-0.7,0.7,-0.4,-59.72,79.53,-7.4,2.25,5205.94,-23.8,10.1
chukou,2009-08-01,1036.63,-7.86,-1.2,12.3,-16.75,0.5,0.5,154.2,882.43,102.7,204042.26,-9.75,1138498,-1.86,6.8322,-5.4,-11.37,1218.68,-2.2,-2.9,-11.47,-0.9,0.9,-0.7,-47.53,78.9,-6.89,2.25,6088.37,-25.91,21.8
chukou,2009-09-01,1158.65,-6.99,-0.8,13.9,-3.36,1.5,0.4,126.66,1031.99,102.8,210100.53,-8.62,1331809,-1.8,6.8289,-5.0,-10.11,1345.35,-1.8,-2.6,-10.15,-0.9,1.1,-0.9,-57.73,78.15,-6.41,2.25,7120.35,-20.32,25.8
chukou,2009-10-01,1106.42,-5.85,-0.5,16.1,-6.36,1.6,-0.1,237.94,868.48,103.2,214214.21,-7.23,1226319,-1.44,6.8275,-3.8,-8.39,1583.29,-1.6,-2.7,-8.26,-0.7,1.2,-1.2,-33.51,76.91,-5.59,2.25,7988.83,-16.34,14.8
chukou,2009-11-01,1136.59,-2.08,0.6,19.2,26.83,3.2,0.3,189.68,946.91,103.3,217853.74,-2.67,1337694,-0.22,6.8274,-1.2,-3.61,1772.97,-1.2,-2.2,-1.72,-0.6,1.6,-1.1,-52.97,76.74,-2.93,2.25,8935.74,-4.08,23.9
chukou,2009-12-01,1307.4,1.7,1.9,18.5,55.94,5.3,1.0,183.91,1123.49,103.9,222418.76,1.98,1413642,0.8,6.8279,1.5,3.02,1956.87,-0.8,-1.5,3.58,-0.3,2.2,-1.1,-52.85,77.98,-0.74,2.25,10059.23,17.58,36.2
chukou,2010-01-01,1094.9,4.32,1.5,29.2,85.96,3.7,0.6,139.6,955.3,104.7,238660.54,5.49,1664187,0.55,6.8273,2.5,7.96,139.6,-0.4,-0.5,8.59,-1.2,2.3,-1.1,-64.31,78.56,0.75,2.25,955.3,31.43,17.1
chukou,2010-02-01,944.63,5.39,2.7,12.8,45.07,6.2,1.2,73.37,871.26,104.2,245268.4,6.76,1211509,0.97,6.827000000000001,3.0,10.26,212.97,-1.3,0.1,10.12,0.8,2.4,-0.8,52.63,80.56,1.26,2.25,1826.56,37.62,25.5
chukou,2010-03-01,1120.59,5.91,2.4,18.1,66.27,5.2,-0.7,-74.08,1194.67,107.9,251516.22,7.38,1735151,1.17,6.8264,3.3,11.46,138.91,-1.1,0.0,12.15,0.3,2.5,-0.7,-140.33,79.39,2.26,2.25,3021.22,30.25,18.5
chukou,2010-04-01,1198.51,6.81,2.8,17.8,49.96,5.9,0.2,14.1,1184.41,106.6,257087.78,8.5,1555172,1.4,6.8262,4.5,11.99,153.0,-1.3,0.0,13.56,0.4,2.8,-0.5,-89.1,79.35,3.29,2.25,4205.64,30.91,24.9
chukou,2010-05-01,1316.61,7.13,3.1,16.5,48.3,6.1,-0.1,194.49,1122.12,108.0,262093.69,8.79,1438358,1.8,6.8274,5.0,12.21,347.49,-1.2,0.1,13.8,0.6,3.2,-0.3,49.22,81.36,3.61,2.25,5327.76,31.14,21.3
chukou,2010-06-01,1373.39,6.41,2.9,13.7,33.87,5.7,-0.6,201.86,1171.53,108.5,266852.23,7.79,1412078,1.96,6.8165,5.0,10.8,549.35,-1.0,-0.3,11.8,0.9,3.2,0.0,154.01,81.76,3.67,2.25,6499.29,25.54,14.6
chukou,2010-07-01,1454.34,4.84,3.3,13.4,22.85,6.8,0.4,285.44,1168.9,107.8,271381.45,5.69,1244038,2.09,6.7775,4.8,8.48,834.79,-0.8,-0.7,8.67,1.1,3.3,0.2,178.75,80.87,3.1,2.25,7668.19,15.22,22.3
chukou,2010-08-01,1392.36,4.32,3.5,13.9,35.4,7.5,0.6,197.56,1194.8,107.3,275025.57,4.99,1322282,2.17,6.7901,4.4,7.47,1032.35,-1.2,-0.6,7.8,1.2,3.3,0.4,28.12,80.03,2.45,2.25,8862.99,14.77,19.2
chukou,2010-09-01,1449.23,4.33,3.6,13.3,24.38,8.0,0.6,165.63,1283.6,104.1,279481.14,4.9,1556718,2.46,6.7462,4.3,7.1,1197.98,-1.5,-0.7,7.05,1.2,3.4,0.4,30.77,80.02,3.21,2.25,10146.59,10.43,18.0
chukou,2010-10-01,1359.17,5.04,4.4,13.1,25.63,10.1,0.7,268.06,1091.11,103.8,283081.15,5.8,1538632,2.58,6.6732,4.9,8.09,1466.05,-1.3,-0.5,8.49,0.9,3.7,0.5,12.66,78.83,3.79,2.5,11237.69,11.81,31.0
chukou,2010-11-01,1532.79,6.06,5.1,13.3,38.33,11.7,1.1,222.94,1309.85,102.9,286394.51,6.94,1697041,3.25,6.6558,5.8,9.7,1689.0,-0.7,-0.7,9.79,0.6,4.0,0.7,17.53,80.36,4.66,2.5,12547.54,14.58,21.3
chukou,2010-12-01,1541.01,5.93,4.6,13.5,25.94,9.6,0.5,126.08,1414.93,100.4,288930.43,6.67,1666651,3.53,6.6515,6.0,9.47,1815.1,0.1,-0.7,8.86,0.7,4.0,1.2,-31.44,81.39,4.91,2.75,13962.44,12.58,-5.7
chukou,2011-01-01,1506.97,6.6,4.9,13.3,51.7,10.3,1.0,57.82,1449.15,99.9,295103.41,7.5,1894336,3.8,6.6027,6.8,9.68,57.82,-0.2,-0.1,10.0,1.0,3.2,1.4,-58.58,81.67,5.8,2.75,1449.15,13.7,2.0
chukou,2011-02-01,966.81,7.23,4.94,14.9,20.0,11.0,1.24,-78.73,1045.54,99.6,298789.94,8.21,1266998,4.09,6.5831,6.1,10.38,-20.91,0.4,-0.3,10.56,0.3,3.0,1.4,-207.31,82.09,6.59,3.0,2494.69,14.26,6.0
chukou,2011-03-01,1521.34,7.31,5.38,14.8,27.5,11.7,-0.21,-1.9,1523.24,107.6,302720.88,8.22,1828479,4.36,6.5662,6.6,10.53,-22.81,0.8,0.1,10.5,0.5,3.2,1.9,97.44,80.82,6.39,3.0,4017.93,16.83,4.3
chukou,2011-04-01,1555.92,6.82,5.34,13.4,21.89,11.5,0.14,112.22,1443.7,106.6,306483.51,7.49,1552016,4.64,6.5292,6.1,10.42,89.41,1.4,0.5,9.9,0.5,3.2,2.1,695.89,79.9,5.46,3.25,5461.63,17.43,-7.4
chukou,2011-05-01,1570.51,6.79,5.52,13.3,28.44,11.7,0.07,129.29,1441.22,105.8,308931.15,7.45,1382779,4.6,6.4988,6.1,10.18,218.7,1.8,0.7,9.89,0.6,3.2,2.5,-33.52,80.03,5.41,3.25,6902.85,17.1,-7.1
chukou,2011-06-01,1618.95,7.12,6.36,15.1,19.25,14.4,0.28,221.93,1397.02,108.1,311026.94,7.88,1435935,4.65,6.4778,6.2,10.55,440.64,2.1,0.9,11.13,0.6,3.4,2.5,9.94,80.29,5.57,3.25,8299.86,16.74,7.3
chukou,2011-07-01,1751.51,7.54,6.45,14.0,24.06,14.8,0.46,301.36,1450.15,105.6,313292.05,8.4,1275302,4.75,6.4614,5.9,10.98,742.0,2.2,0.9,12.07,0.5,3.6,2.7,5.58,80.54,5.85,3.5,9750.01,18.09,7.6
chukou,2011-08-01,1732.39,7.25,6.15,13.5,30.05,13.4,0.31,178.55,1553.84,105.0,315312.52,8.01,1381081,4.79,6.409,5.5,10.63,920.54,2.9,1.0,11.59,0.4,4.1,2.8,-9.62,81.2,5.39,3.5,11303.86,18.75,0.1
chukou,2011-09-01,1695.8,6.52,6.07,13.8,20.75,13.4,0.47,145.86,1549.94,103.4,316972.38,7.11,1646086,4.62,6.3833,5.1,9.96,1066.39,3.2,1.0,10.65,0.0,4.1,3.0,-11.94,83.8,4.56,3.5,12853.8,17.16,2.1
chukou,2011-10-01,1573.52,5.0,5.5,13.2,28.51,11.9,0.09,171.34,1402.18,100.5,320317.62,5.24,1524822,4.22,6.3566,4.4,8.04,1237.74,3.7,0.8,7.86,0.0,3.5,3.1,-36.08,84.83,3.1,3.5,14255.98,15.12,-6.8
chukou,2011-11-01,1743.86,2.72,4.23,12.4,21.94,8.8,-0.19,146.64,1597.22,97.0,322265.35,2.61,1655958,3.09,6.3408,3.0,5.06,1384.37,3.5,0.5,4.12,0.1,3.2,2.9,-34.22,85.39,1.12,3.5,15853.2,10.6,-11.0
chukou,2011-12-01,1746.23,1.69,4.07,12.8,11.78,9.1,0.31,164.6,1581.63,100.5,323806.52,1.43,1689614,2.52,6.3281,2.1,3.45,1548.97,3.8,0.3,2.87,0.1,2.8,2.5,30.55,86.7,-0.03,3.5,17434.84,9.42,11.5
chukou,2012-01-01,1498.61,0.73,4.5,2.8,-15.23,10.5,1.5,270.14,1228.48,103.9,327677.15,0.32,1389788,2.11,6.3168,1.9,2.0,270.14,3.3,0.2,1.73,0.7,2.6,2.6,367.21,87.92,-0.92,3.5,1228.48,6.12,23.0
chukou,2012-02-01,1144.09,0.03,3.2,21.3,40.03,6.2,-0.1,-320.02,1464.11,105.0,329785.87,-0.47,1567061,1.69,6.3,2.1,0.99,-49.88,3.8,0.1,1.2,-0.4,2.7,2.5,-306.48,86.72,-1.75,3.5,2692.59,4.7,6.5
chukou,2012-03-01,1655.77,-0.32,3.6,11.9,5.3,7.5,0.2,51.83,1603.94,100.0,332492.44,-0.83,1838572,1.4,6.3004,2.0,0.12,1.95,3.8,0.3,0.82,0.1,2.5,2.2,2827.89,86.92,-2.03,3.5,4296.53,3.69,20.5
chukou,2012-04-01,1631.29,-0.7,3.4,9.3,0.14,7.0,-0.1,185.55,1445.73,103.0,334385.82,-1.24,1624412,1.14,6.2966,1.8,-0.81,187.5,3.6,0.3,0.12,0.3,2.5,2.2,65.34,86.79,-2.21,3.5,5742.26,2.19,27.8
chukou,2012-05-01,1810.34,-1.4,3.0,9.6,12.99,6.4,-0.3,181.85,1628.49,104.2,337077.18,-2.09,1607195,0.91,6.3062,1.6,-1.55,369.35,3.1,-0.1,-1.12,0.2,2.1,1.9,40.65,87.53,-2.58,3.5,7370.75,-1.46,31.2
chukou,2012-06-01,1798.31,-2.08,2.2,9.5,6.07,3.8,-0.6,316.49,1481.82,99.3,339859.76,-2.93,1577508,0.73,6.3178,1.6,-2.52,685.84,3.3,-0.4,-2.99,0.3,1.9,1.9,42.61,87.4,-2.91,3.25,8852.57,-2.88,12.1
chukou,2012-07-01,1769.18,-2.87,1.8,9.2,4.55,2.4,0.1,253.01,1516.17,98.2,341958.91,-3.87,1379366,0.44,6.3235,2.1,-3.45,938.85,3.3,-0.9,-4.5,0.4,1.8,1.9,-16.04,87.33,-3.36,3.0,10368.74,-6.15,8.0
chukou,2012-08-01,1778.7,-3.48,2.0,8.9,-2.53,3.4,0.6,264.18,1514.51,99.4,344819.23,-4.59,1495227,0.2,6.3404,2.2,-4.1,1203.04,3.1,-0.8,-5.23,0.4,1.3,1.8,47.96,86.98,-3.94,3.0,11883.26,-8.3,23.8
chukou,2012-09-01,1861.16,-3.55,1.9,9.2,2.36,2.5,0.3,274.64,1586.52,100.8,347726.86,-4.68,1617358,0.14,6.3395,2.3,-4.1,1477.68,3.4,-0.2,-4.95,1.0,1.4,1.6,88.29,86.3,-4.24,3.0,13469.77,-7.84,11.1
chukou,2012-10-01,1755.16,-2.76,1.7,9.6,2.3,1.8,-0.1,320.7,1434.46,106.1,350563.65,-3.68,1605980,0.23,6.3144,2.5,-3.28,1798.38,2.7,0.1,-3.44,1.1,1.8,1.5,87.17,86.49,-3.5,3.0,14904.23,-6.44,1.1
chukou,2012-11-01,1793.41,-2.2,2.0,10.1,0.09,3.0,0.1,194.81,1598.6,105.1,352047.41,-2.99,1791039,0.34,6.2953,2.6,-2.77,1993.19,2.3,0.0,-2.74,0.9,1.6,1.5,32.85,88.01,-2.87,3.0,16502.83,-5.34,11.3
chukou,2012-12-01,1991.12,-1.94,2.5,10.3,6.3,4.2,0.8,309.91,1681.22,103.7,352907.42,-2.71,1809904,0.53,6.29,3.0,-2.42,2303.09,1.9,0.0,-2.44,1.1,1.7,1.7,88.28,88.26,-2.49,3.0,18184.05,-6.1,14.8
chukou,2013-01-01,1872.88,-1.64,2.03,17.7,29.59,2.88,1.01,280.89,1591.98,104.5,358843.17,-2.37,2034488,0.68,6.2787,2.92,-1.92,280.89,2.51,-0.26,-2.2,0.52,1.76,1.49,3.98,89.5,-2.18,3.0,1591.98,-4.97,2.56
chukou,2013-02-01,1393.04,-1.63,3.22,2.2,-15.02,5.99,1.06,148.83,1244.22,108.2,363049.2,-2.37,1354619,0.74,6.2842,2.8,-1.88,429.72,2.15,0.23,-2.59,1.97,1.79,1.59,146.5,90.97,-1.98,3.0,2836.2,-5.22,10.02
chukou,2013-03-01,1821.02,-1.92,2.07,8.9,14.1,2.68,-0.91,-9.06,1830.08,102.6,367239.22,-2.68,2035171,0.51,6.2743,2.92,-2.04,420.66,2.29,-0.26,-3.2,1.72,1.69,1.62,-117.49,91.25,-2.15,3.0,4666.28,-5.61,-10.28
chukou,2013-04-01,1869.31,-2.62,2.39,9.3,16.6,4.05,0.24,183.62,1685.69,103.7,371300.32,-3.52,1841975,0.29,6.2471,2.89,-2.7,604.27,2.49,-1.1,-4.79,1.5,1.5,1.57,-1.04,92.14,-2.46,3.0,6351.97,-8.23,5.92
chukou,2013-05-01,1826.8,-2.87,2.1,9.2,-0.51,3.23,-0.56,206.59,1620.21,99.0,375047.1,-3.79,1761758,0.09,6.197,3.0,-2.99,810.86,2.52,-1.19,-5.13,1.32,1.49,1.57,13.6,92.93,-2.65,3.0,7972.18,-8.99,-1.86
chukou,2013-06-01,1742.35,-2.7,2.67,8.9,-0.82,4.93,0.0,272.67,1469.68,97.0,378832.85,-3.53,1754119,-0.03,6.1718,3.07,-2.65,1083.53,2.26,-0.72,-4.18,1.36,1.38,1.5,-13.85,92.96,-2.75,3.0,9441.86,-8.55,9.69
chukou,2013-07-01,1859.15,-2.27,2.67,9.7,10.91,5.02,0.1,177.58,1681.57,97.2,383214.69,-2.98,1516619,-0.02,6.1725,2.77,-2.23,1261.11,2.18,-0.05,-3.23,1.32,1.22,1.39,-29.81,93.75,-2.58,3.0,11123.43,-5.99,11.81
chukou,2013-08-01,1904.93,-1.62,2.57,10.4,7.2,4.73,0.47,281.33,1623.59,97.8,387447.28,-2.14,1648902,0.0,6.1708,2.62,-1.62,1542.44,2.25,0.05,-2.36,1.23,1.22,1.39,6.49,93.8,-1.85,3.0,12747.02,-4.18,5.22
chukou,2013-09-01,1853.13,-1.34,3.05,10.2,7.51,6.1,0.81,147.53,1705.6,99.8,391819.68,-1.75,1935820,-0.06,6.1588,2.62,-1.57,1689.98,2.29,-0.17,-2.04,1.91,1.1,1.38,-46.28,94.07,-1.4,3.0,14452.62,-4.0,18.94
chukou,2013-10-01,1852.94,-1.51,3.21,10.3,7.54,6.55,0.06,310.35,1542.59,102.9,394793.93,-1.97,1932684,-0.03,6.1393,2.6,-1.64,2000.33,2.4,-0.61,-2.57,2.49,0.97,1.52,-3.23,93.05,-1.5,3.0,15995.21,-4.09,31.54
chukou,2013-11-01,2020.83,-1.42,3.02,10.0,5.3,5.94,-0.06,337.53,1683.3,98.9,397468.98,-1.91,2043892,0.11,6.1372,2.62,-1.46,2337.86,1.97,-0.53,-2.45,2.82,0.98,1.33,73.26,94.2,-1.44,3.0,17678.51,-4.18,22.34
chukou,2013-12-01,2073.67,-1.36,2.5,9.7,8.34,4.05,0.28,252.29,1821.39,102.3,398862.41,-1.78,2134182,0.01,6.1160000000000005,2.77,-1.36,2590.15,2.06,-0.1,-2.04,2.87,0.91,1.35,-18.59,95.04,-1.45,3.0,19499.89,-4.05,2.55
chukou,2014-01-01,2070.37,-1.64,2.49,8.5,9.93,3.67,1.0,320.23,1750.14,101.1,407001.23,-2.05,2156355,-0.35,6.1043,2.82,-1.67,320.23,1.92,0.2,-2.48,3.35,1.15,1.47,14.0,96.85,-1.66,3.0,1750.14,-4.05,2.05
chukou,2014-02-01,1140.52,-2.0,1.95,8.8,9.81,2.65,0.53,-225.69,1366.21,103.1,411142.82,-2.54,1596414,-0.33,6.1128,2.8,-2.13,94.54,2.22,-0.41,-3.22,2.14,1.03,1.25,-251.65,96.78,-1.97,3.0,3116.36,-5.33,3.26
chukou,2014-03-01,1700.02,-2.3,2.38,8.8,-11.47,4.07,-0.49,79.85,1620.17,107.9,416371.37,-2.95,2169085,-0.21,6.1358,2.52,-2.5,174.38,2.33,-0.4,-3.81,2.12,1.17,1.23,981.31,93.92,-2.21,3.0,4736.53,-6.66,12.88
chukou,2014-04-01,1884.5,-2.0,1.8,8.7,0.72,2.29,-0.34,186.64,1697.86,104.8,421500.02,-2.61,2004253,-0.06,6.1553,2.4,-2.31,361.02,2.3,0.05,-3.06,1.98,1.19,1.22,1.64,91.82,-2.07,3.0,6434.39,-6.06,-7.93
chukou,2014-05-01,1955.96,-1.45,2.48,8.8,-1.64,4.1,0.1,362.39,1593.57,102.3,427000.27,-1.95,1911203,0.17,6.1636,2.33,-1.82,723.41,2.5,0.58,-2.04,2.12,1.25,1.19,75.42,91.31,-1.62,3.0,8027.96,-4.87,-2.47
chukou,2014-06-01,1867.56,-1.11,2.34,9.2,5.37,3.68,-0.13,318.94,1548.62,104.7,431645.98,-1.53,1845847,0.23,6.1636,2.23,-1.48,1042.36,2.6,0.64,-1.46,2.1,1.28,1.21,16.97,91.32,-1.31,3.0,9576.58,-4.0,-1.77
chukou,2014-07-01,2127.44,-0.87,2.29,9.0,-1.64,3.6,0.05,473.53,1653.91,104.4,435530.98,-1.22,1618144,0.26,6.1569,2.02,-1.12,1515.89,2.63,0.68,-0.78,2.12,1.43,1.13,166.66,91.83,-1.19,3.0,11230.49,-3.37,-1.64
chukou,2014-08-01,2083.3,-1.2,1.99,6.9,-2.41,3.05,0.18,498.76,1584.53,103.8,439829.08,-1.65,1715563,0.24,6.1606,1.85,-1.37,2014.65,2.59,0.18,-1.48,1.94,1.39,1.09,77.29,93.39,-1.45,3.0,12815.03,-4.44,-6.92
chukou,2014-09-01,2135.62,-1.8,1.63,8.0,6.91,2.32,0.45,312.13,1823.48,105.4,444288.76,-2.39,1983589,0.11,6.1528,1.65,-1.89,2326.78,2.38,-0.34,-2.72,1.88,1.24,1.12,111.57,95.63,-1.83,3.0,14638.51,-6.68,-9.39
chukou,2014-10-01,2067.71,-2.24,1.6,7.7,4.42,2.5,0.03,456.99,1610.72,103.4,447715.57,-2.95,1987178,0.04,6.1441,1.65,-2.53,2783.77,2.36,-0.35,-3.68,1.07,1.31,1.18,47.25,97.15,-2.05,3.0,16249.23,-8.87,-7.25
chukou,2014-11-01,2115.63,-2.69,1.44,7.2,-6.85,2.31,-0.22,547.65,1567.98,105.5,452424.49,-3.49,2090883,-0.13,6.1432,1.35,-3.16,3331.42,2.62,-0.81,-4.69,0.98,1.27,1.17,62.25,99.28,-2.25,2.75,17817.21,-10.65,-5.19
chukou,2014-12-01,2274.3,-3.32,1.51,7.9,-2.54,2.86,0.35,499.16,1775.14,105.8,459482.07,-4.29,2410089,-0.16,6.1238,1.01,-3.99,3830.58,2.63,-1.4,-6.36,0.87,1.53,1.13,97.86,100.48,-2.51,2.75,19592.35,-13.2,7.17
chukou,2015-01-01,1998.76,-4.32,0.76,9.6,-19.69,1.11,0.26,593.15,1405.61,105.7,468875.62,-5.6,2319611,-0.15,6.1272,0.83,-5.16,593.15,2.87,-2.23,-8.58,0.3,1.61,0.91,85.23,102.17,-3.1,2.75,1405.61,-17.45,-0.64
chukou,2015-02-01,1689.47,-4.8,1.43,3.6,-20.59,2.37,1.19,604.62,1084.85,109.8,475776.78,-6.24,1593301,-0.13,6.1339,0.58,-5.85,1197.77,2.94,-1.7,-9.21,1.84,1.91,1.46,367.9,103.72,-3.53,2.75,2490.46,-20.12,4.32
chukou,2015-03-01,1442.35,-4.56,1.38,5.6,-12.53,2.33,-0.55,25.16,1417.19,107.1,481100.58,-5.93,2240556,-0.14,6.1507,0.63,-5.68,1222.93,3.02,-1.54,-8.37,1.57,1.56,1.2,-68.49,104.58,-3.5,2.5,3907.65,-19.56,0.42
chukou,2015-04-01,1759.02,-4.57,1.51,5.9,-15.95,2.73,-0.21,332.02,1427.01,107.6,485444.84,-5.92,1994507,-0.23,6.1302,0.61,-5.54,1554.94,2.85,-1.56,-8.27,1.65,1.76,1.13,77.89,103.97,-3.53,2.5,5334.66,-19.63,7.23
chukou,2015-05-01,1888.0,-4.61,1.23,6.1,-17.39,1.6,-0.17,571.55,1316.46,109.9,490055.62,-5.95,1903774,-0.29,6.1143,0.71,-5.48,2126.49,2.82,-1.34,-7.91,1.69,1.75,1.04,57.71,102.61,-3.79,2.25,6651.11,-19.22,6.54
chukou,2015-06-01,1895.45,-4.81,1.39,6.8,-6.79,1.85,0.03,451.98,1443.47,105.5,496097.59,-6.24,1803090,-0.23,6.1161,0.78,-5.58,2578.47,2.91,-1.5,-8.48,1.74,1.94,1.02,41.71,103.24,-4.05,2.0,8094.58,-18.52,11.44
chukou,2015-07-01,1931.61,-5.37,1.65,6.0,-8.52,2.73,0.31,418.7,1512.92,104.48,499913.84,-6.95,1503017,-0.28,6.1167,0.78,-6.07,2997.17,2.95,-1.81,-9.68,1.68,1.92,1.02,-11.58,104.85,-4.53,2.0,9607.49,-19.44,10.48
chukou,2015-08-01,1961.61,-5.92,1.96,6.1,-13.87,3.68,0.48,596.88,1364.73,104.0,503985.65,-7.66,1664489,-0.33,6.3056,0.77,-6.6,3594.05,2.93,-2.09,-11.11,1.82,1.94,0.98,19.67,104.38,-4.86,1.75,10972.23,-20.87,15.9
chukou,2015-09-01,2049.23,-5.95,1.6,5.7,-20.31,2.72,0.1,596.06,1453.17,105.6,510810.99,-7.72,2024788,-0.25,6.3691,0.79,-6.84,4190.1,2.8,-2.14,-11.36,1.39,2.1,1.0,90.96,104.31,-4.82,1.75,12425.4,-21.23,10.38
chukou,2015-10-01,1921.89,-5.9,1.27,5.6,-18.73,1.94,-0.29,612.86,1309.03,103.8,514327.41,-7.6,2221565,-0.4,6.3486,0.62,-6.9,4802.97,2.43,-1.85,-10.8,1.12,2.2,0.84,34.11,103.36,-4.9,1.5,13734.42,-20.8,4.67
chukou,2015-11-01,1965.93,-5.9,1.49,6.2,-9.04,2.32,-0.01,539.76,1426.16,104.1,518921.95,-7.6,2508764,-0.4,6.3666,0.72,-6.9,5342.73,2.2,-1.41,-10.7,1.2,2.56,0.83,-1.44,104.99,-5.2,1.5,15160.59,-19.9,9.41
chukou,2015-12-01,2231.36,-5.9,1.6,5.9,-7.89,2.7,0.5,596.31,1635.06,103.7,525389.61,-7.6,2785513,-0.4,6.4476,0.78,-6.8,5939.04,2.05,-1.27,-10.3,1.31,2.51,0.8,19.46,104.47,-5.4,1.5,16795.64,-19.7,11.75
chukou,2016-01-01,1693.99,-5.3,1.8,5.87,-19.93,4.1,0.5,568.52,1125.47,104.0,540523.68,-6.9,2500570,-0.5,6.5527,1.4,-6.3,568.52,1.9,-1.6,-9.1,1.7,2.9,0.6,-4.15,104.07,-4.9,1.5,1125.47,-19.8,14.7
chukou,2016-02-01,1217.07,-4.9,2.3,4.91,-13.76,7.3,1.6,281.49,935.58,104.4,547365.32,-6.5,1580919,-0.4,6.5311,1.3,-5.8,850.01,1.6,-1.6,-8.9,0.9,2.8,0.3,-53.44,105.05,-4.5,1.5,2061.05,-18.2,30.6
chukou,2016-03-01,1550.98,-4.3,2.3,6.8,-8.14,7.6,-0.43,249.1,1301.88,100.0,556787.58,-5.75,2439744,-0.24,6.5064,1.31,-5.2,1099.11,1.53,-2.62,-8.79,1.17,3.1,0.38,890.06,103.27,-3.62,1.5,3362.93,-16.27,35.77
chukou,2016-04-01,1666.89,-3.4,2.33,6.0,-11.12,7.4,-0.18,398.59,1268.29,101.0,560638.17,-4.49,2122428,-0.21,6.4762,1.41,-4.4,1497.71,1.47,-2.37,-7.66,1.16,3.23,0.48,20.05,101.35,-2.49,1.5,4631.22,-12.98,22.65
chukou,2016-05-01,1757.1,-2.8,2.04,6.0,-0.59,5.9,-0.46,448.43,1308.67,99.8,567743.99,-3.7,2091672,-0.2,6.5315,1.56,-3.8,1946.14,1.54,-2.6,-7.2,1.21,3.47,0.64,-21.54,100.55,-1.8,1.5,5939.89,-9.6,6.41
chukou,2016-06-01,1766.05,-2.6,1.88,6.2,-9.06,4.6,-0.13,453.42,1312.62,102.9,577476.71,-3.5,2070667,-0.1,6.5874,1.6,-3.4,2399.56,1.41,-1.8,-6.1,1.39,3.77,0.59,0.32,98.95,-2.0,1.5,7252.52,-8.2,-6.47
chukou,2016-07-01,1806.59,-1.7,1.77,6.0,-12.54,3.3,0.19,483.47,1323.12,106.8,583763.13,-2.3,1851917,0.0,6.6774,1.6,-2.6,2883.03,1.35,-1.59,-4.5,1.61,4.26,0.57,15.47,97.97,-1.2,1.5,8575.64,-5.6,-4.33
chukou,2016-08-01,1888.31,-0.8,1.34,6.3,1.66,1.3,0.06,500.97,1387.34,105.6,588969.55,-1.0,2071043,0.0,6.6474,1.47,-1.7,3383.99,1.26,-1.25,-2.3,1.32,4.31,0.39,-16.07,97.25,-0.4,1.5,9962.98,-3.2,-3.9
chukou,2016-09-01,1834.4,0.1,1.92,6.1,-1.59,3.2,0.67,404.3,1430.1,104.6,599234.95,0.1,2564098,0.0,6.6715,1.55,-0.6,3788.3,1.23,-0.35,-0.2,2.01,4.33,0.3,-32.17,97.59,0.1,1.5,11393.08,2.1,7.51
chukou,2016-10-01,1768.36,1.2,2.1,6.1,-1.7,3.7,-0.12,481.65,1286.71,107.2,604854.21,1.6,2649880,0.1,6.7442,1.78,0.9,4269.95,1.34,-0.38,1.9,2.1,4.83,0.39,-21.41,97.39,0.9,1.5,12679.79,7.9,12.97
chukou,2016-11-01,1935.61,3.3,2.25,6.2,5.51,4.0,0.14,430.84,1504.77,108.6,612563.93,4.3,2938653,0.4,6.8375,2.02,3.5,4700.79,1.38,0.02,5.8,2.22,4.35,0.35,-20.18,97.95,2.9,1.5,14184.56,14.8,15.83
chukou,2016-12-01,2090.97,5.5,2.08,6.0,3.65,2.4,0.22,396.26,1694.7,108.4,623756.2,7.2,3057340,0.8,6.9182,2.07,6.3,5097.05,1.13,0.94,9.8,2.32,4.59,0.41,-33.55,98.81,5.1,1.5,15879.26,21.1,2.61
chukou,2017-01-01,1802.73,6.9,2.55,2.94,16.93,2.7,1.0,486.77,1315.96,109.2,645853.6,9.1,2519528,0.8,6.8918,2.26,8.4,486.77,1.05,2.35,12.9,3.34,4.97,0.6,-14.38,99.21,5.9,1.5,1315.96,31.0,1.61
chukou,2017-02-01,1188.48,7.8,0.8,10.32,38.72,-4.3,-0.17,-109.39,1297.87,112.6,655674.76,10.4,1939248,0.8,6.8713,2.54,9.9,377.38,1.15,1.66,15.5,1.78,5.12,0.48,-138.86,98.25,6.6,1.5,2613.83,36.1,-26.03
chukou,2017-03-01,1792.48,7.6,0.9,7.6,20.24,-4.4,-0.32,227.07,1565.41,111.0,665656.4,10.1,2542914,0.7,6.8932,2.44,10.0,604.45,1.25,2.0,14.9,2.35,5.33,0.67,-8.85,96.91,6.5,1.5,4179.24,33.7,-27.87
chukou,2017-04-01,1777.63,6.4,1.2,6.5,11.37,-3.5,0.07,365.12,1412.51,113.4,675322.73,8.4,2083957,0.7,6.8845,2.42,9.0,969.57,1.31,1.78,13.0,2.59,5.7,0.85,-8.4,96.08,5.2,1.5,5591.75,28.3,-21.62
chukou,2017-05-01,1890.88,5.5,1.5,6.5,13.98,-1.6,-0.11,399.23,1491.66,112.0,684044.24,7.3,2096019,0.6,6.8827,2.46,8.0,1368.8,1.33,1.12,11.1,2.57,5.85,1.01,-10.97,95.33,4.6,1.5,7083.41,22.7,-6.31
chukou,2017-06-01,1947.55,5.5,1.5,7.6,16.97,-1.2,-0.15,412.18,1535.37,113.3,694665.24,7.3,2171917,0.5,6.8019,2.52,7.3,1780.97,1.41,0.15,10.0,2.51,5.71,1.08,-9.1,95.59,5.4,1.5,8618.78,18.3,5.82
chukou,2017-07-01,1921.19,5.5,1.4,6.4,11.3,-1.1,0.11,448.5,1472.69,114.6,703541.97,7.3,1971245,0.5,6.7654,2.5,7.0,2229.47,1.4,-0.24,9.3,2.48,5.5,1.14,-7.23,95.69,5.8,1.5,10091.47,15.8,9.12
chukou,2017-08-01,1980.43,6.3,1.8,6.0,13.88,-0.2,0.42,400.46,1579.97,114.7,711651.27,8.3,2186008,0.6,6.6736,2.68,7.7,2629.93,1.26,0.72,11.0,2.52,5.93,1.25,-20.06,96.27,6.4,1.5,11671.44,18.2,9.72
chukou,2017-09-01,1979.44,6.9,1.6,6.6,19.27,-1.4,0.54,273.76,1705.67,118.6,721440.83,9.1,2709129,0.7,6.5634,2.75,8.5,2903.7,1.3,0.53,11.9,2.28,7.58,1.37,-32.29,97.57,7.3,1.5,13377.11,17.2,-0.97
chukou,2017-10-01,1879.03,6.9,1.9,6.2,17.36,-0.4,0.11,368.99,1510.04,123.9,727516.16,9.0,2703531,0.8,6.6154,2.83,8.4,3272.68,1.23,0.83,11.6,2.25,7.19,1.48,-23.39,97.84,7.5,1.5,14887.15,14.7,0.32
chukou,2017-11-01,2158.39,5.8,1.7,6.1,17.9,-1.1,0.01,384.33,1774.05,121.3,735968.57,7.5,2957614,0.6,6.6186,2.8,7.1,3657.02,1.16,1.33,9.7,2.04,6.95,1.54,-10.8,97.73,6.3,1.5,16661.21,10.8,-9.48
chukou,2017-12-01,2315.23,4.9,1.8,6.2,4.84,-0.4,0.3,538.5,1776.72,122.6,741175.15,6.4,3060271,0.5,6.5942,2.8,5.9,4195.52,1.3,1.2,8.1,2.1,6.6,1.6,35.89,97.89,5.5,1.5,18437.93,9.1,-8.6
chukou,2018-01-01,1994.69,4.3,1.5,15.43,37.66,-0.5,0.6,183.19,1811.51,122.3,760174.24,5.7,2809211,0.3,6.4364,2.7,5.2,183.19,1.4,0.2,7.3,0.9,6.2,1.5,-62.37,98.79,4.9,1.5,1811.51,6.8,-5.8
chukou,2018-02-01,1705.49,3.7,2.9,-2.12,6.59,4.4,1.2,322.04,1383.45,124.0,769979.17,4.8,1717603,0.3,6.3162,2.2,4.4,505.22,1.1,1.5,5.9,3.7,6.0,1.8,394.4,101.14,4.2,1.5,3194.95,6.4,17.7
chukou,2018-03-01,1739.0,3.1,2.1,6.0,14.79,2.1,-1.1,-57.94,1796.94,122.3,778299.69,4.1,2656259,0.2,6.322,2.2,3.7,447.28,1.1,0.3,5.1,2.2,5.7,1.6,-125.52,99.64,3.7,1.5,4991.9,5.0,8.8
chukou,2018-04-01,1989.36,3.4,1.8,7.0,22.28,0.7,-0.2,262.17,1727.19,122.9,786510.81,4.5,2318552,0.1,6.2975,2.2,3.7,709.45,1.1,1.1,5.7,2.0,5.2,1.5,-28.2,99.89,3.9,1.5,6719.09,6.1,8.2
chukou,2018-05-01,2115.92,4.1,1.8,6.8,26.15,0.1,-0.2,234.15,1881.77,122.9,794464.64,5.4,2287706,0.3,6.3758,2.2,4.3,943.6,1.1,1.8,7.4,1.9,5.1,1.5,-41.35,100.52,4.4,1.5,8600.86,8.1,10.0
chukou,2018-06-01,2155.96,4.7,1.9,6.0,13.78,0.3,-0.1,409.06,1746.91,118.2,803120.86,6.1,2273669,0.4,6.4556,2.3,5.1,1352.66,1.1,2.4,8.8,1.8,5.0,1.5,-0.76,99.84,4.6,1.5,10347.77,11.5,9.3
chukou,2018-07-01,2144.03,4.6,2.1,6.0,26.92,0.5,0.3,274.88,1869.14,119.7,812571.42,6.0,1889115,0.6,6.7034,2.4,5.2,1627.54,1.2,3.0,9.0,2.3,4.6,1.6,-38.71,96.96,4.1,1.5,12216.91,13.4,3.8
chukou,2018-08-01,2169.49,4.1,2.3,6.1,20.67,1.7,0.7,262.97,1906.52,118.6,820410.81,5.2,2103359,0.7,6.8433,2.5,4.8,1890.51,1.3,2.7,7.8,2.6,4.3,1.6,-34.33,96.09,3.5,1.5,14123.43,12.1,4.3
chukou,2018-09-01,2253.98,3.6,2.5,5.8,14.4,3.6,0.7,302.63,1951.34,118.5,828610.34,4.6,2394062,0.8,6.8445,2.6,4.2,2193.14,1.2,2.8,7.3,2.2,2.7,1.6,10.55,96.64,2.9,1.5,16074.78,11.7,14.6
chukou,2018-10-01,2147.59,3.3,2.5,5.9,20.38,3.3,0.2,329.74,1817.86,119.1,833768.39,4.2,2380127,0.7,6.9264,2.5,4.0,2522.88,1.4,3.2,6.7,2.5,2.6,1.5,-10.64,96.27,2.5,1.5,17892.63,12.4,10.1
chukou,2018-11-01,2242.94,2.7,2.2,5.4,2.84,2.5,-0.3,418.59,1824.35,122.1,841454.25,3.3,2547819,0.8,6.9351,2.4,3.3,2941.47,1.4,1.6,4.6,2.5,2.6,1.5,8.91,96.23,2.2,1.5,19716.98,9.2,1.5
chukou,2018-12-01,2208.5,0.9,1.9,5.7,-7.67,2.5,0.0,568.0,1640.5,123.0,846490.3,1.0,2661465,0.7,6.8853,2.2,1.6,3509.47,1.5,-0.7,0.8,2.3,2.5,1.4,5.48,97.1,0.8,1.5,21357.48,3.8,4.2
chukou,2019-01-01,2180.08,0.1,1.7,6.8,-0.82,1.9,0.5,383.38,1796.7,123.7,871812.84,-0.1,2367278,0.6,6.7897,2.1,0.2,383.38,1.6,-1.3,-1.6,2.9,2.7,1.5,109.28,97.93,0.3,1.5,1796.7,1.2,3.8
chukou,2019-02-01,1353.3,0.1,1.5,3.36,-4.32,0.7,1.0,29.59,1323.71,126.0,879165.91,-0.1,1481602,0.4,6.7364,2.2,-0.1,412.98,2.0,-1.2,-1.5,2.4,2.8,1.3,-90.81,99.88,0.3,1.5,3120.41,1.8,1.7
chukou,2019-03-01,1982.34,0.4,2.3,8.5,-7.14,4.1,-0.4,313.67,1668.67,124.1,890281.19,0.3,2520013,0.5,6.7093,2.1,0.2,726.65,2.0,0.1,-0.6,2.4,2.7,1.2,641.37,99.75,0.4,1.5,4789.08,4.2,16.2
chukou,2019-04-01,1936.06,0.9,2.5,5.4,4.52,6.1,0.1,130.74,1805.32,125.3,897269.02,0.9,1980497,0.9,6.7151,2.0,0.4,857.39,1.8,-0.5,0.0,2.5,2.6,1.1,-50.13,99.45,0.9,1.5,6594.4,5.3,17.4
chukou,2019-05-01,2139.18,0.6,2.7,5.0,-8.19,7.7,0.0,411.45,1727.73,123.4,904470.7,0.6,1912565,0.9,6.8524,1.8,0.2,1268.83,1.7,-0.9,-0.6,2.6,2.5,1.0,75.72,98.0,0.5,1.5,8322.13,6.1,13.3
chukou,2019-06-01,2124.66,0.0,2.7,6.3,-6.8,8.3,-0.1,496.49,1628.17,125.9,913188.0,-0.3,2056446,0.9,6.882000000000001,1.6,-0.3,1765.33,1.8,-1.9,-2.1,2.4,2.5,0.8,21.37,96.57,0.0,1.5,9950.3,4.5,4.2
chukou,2019-07-01,2217.72,-0.3,2.8,4.8,-4.9,9.1,0.4,440.15,1777.58,124.4,921283.52,-0.7,1808472,0.8,6.8752,1.5,-0.6,2205.47,1.8,-2.1,-2.9,2.3,2.6,0.8,60.12,97.19,-0.2,1.5,11727.88,3.2,5.2
chukou,2019-08-01,2148.73,-0.8,2.8,4.4,-5.5,10.0,0.7,347.16,1801.57,122.4,930108.95,-1.3,1957572,0.7,7.0214,1.0,-1.3,2552.63,1.6,-2.3,-3.5,2.1,2.3,0.7,32.02,96.12,-0.8,1.5,13529.45,2.8,-0.8
chukou,2019-09-01,2182.15,-1.2,3.0,5.8,-8.2,11.2,0.9,390.78,1791.37,124.1,940588.72,-2.0,2270682,1.1,7.0785,0.7,-1.7,2943.42,1.6,-2.9,-4.8,1.7,2.2,0.6,29.13,96.25,-1.2,1.5,15320.82,0.6,-11.8
chukou,2019-10-01,2129.79,-1.6,3.8,4.7,-6.11,15.5,0.9,423.08,1706.71,124.3,946391.56,-2.6,2284170,1.4,7.0702,0.5,-2.1,3366.5,1.2,-3.5,-5.6,1.9,2.1,0.6,28.31,96.95,-1.5,1.5,17027.52,-1.9,-10.2
chukou,2019-11-01,2214.42,-1.4,4.5,6.2,1.0,19.1,0.4,371.76,1842.66,124.6,955287.17,-2.5,2456879,1.6,7.0177,0.4,-2.2,3738.25,1.1,-2.8,-5.0,1.7,2.0,0.4,-11.19,98.34,-1.6,1.5,18870.19,-1.4,3.9
chukou,2019-12-01,2386.38,-0.5,4.5,6.9,16.67,17.4,0.0,472.48,1913.9,126.6,964109.29,-1.2,2658306,1.3,7.0128,0.5,-1.3,4210.73,0.8,-0.7,-2.6,1.8,2.1,0.4,-16.82,98.02,-0.9,1.5,20784.09,2.6,10.8
chukou,2020-01-01,2115.88,0.1,5.4,-4.31,-12.66,20.6,1.4,546.67,1569.21,126.4,1006840.85,-0.4,1927201,1.3,6.9172,0.5,-0.3,546.67,0.6,0.9,-0.8,2.2,2.3,0.2,42.59,100.06,-0.6,1.5,1569.21,4.7,17.1
chukou,2020-02-01,803.79,-0.4,5.2,-25.87,7.56,21.9,0.8,-619.92,1423.72,118.9,1011368.85,-1.0,309942,1.4,6.9923,0.3,-0.5,-73.25,0.5,-1.6,-2.2,1.0,2.2,0.1,-2195.03,101.4,-0.7,1.5,2992.92,1.1,10.9
chukou,2020-03-01,1845.72,-1.5,4.3,-1.1,-1.36,18.3,-1.2,199.69,1646.03,122.2,1025760.45,-2.4,1430217,1.2,7.0119,-0.1,-1.6,126.44,-0.3,-3.8,-5.2,2.5,2.2,0.3,-36.34,101.23,-1.2,1.5,4638.95,-4.0,-0.1
chukou,2020-04-01,1994.83,-3.1,3.3,3.9,-14.39,14.8,-0.9,449.37,1545.47,116.4,1035697.12,-4.5,2069962,0.9,7.0686,-0.3,-3.8,575.8,-0.4,-4.9,-8.8,2.0,2.2,0.1,243.71,100.88,-2.2,1.5,6184.42,-11.6,-3.7
chukou,2020-05-01,2064.28,-3.7,2.4,4.4,-16.18,10.6,-0.8,616.17,1448.11,115.8,1045663.34,-5.1,2193580,0.5,7.0986,-0.5,-5.0,1191.97,-0.4,-5.1,-9.9,2.2,2.1,0.1,49.76,99.13,-2.4,1.5,7632.53,-14.8,-8.5
chukou,2020-06-01,2128.47,-3.0,2.5,4.8,3.29,11.1,-0.1,446.8,1681.67,112.6,1059304.25,-4.2,2299696,0.6,7.0867,-0.59,-4.4,1638.77,-0.43,-4.65,-8.5,1.9,1.85,0.04,-10.01,97.4,-2.0,1.5,9314.2,-10.5,4.2
chukou,2020-07-01,2368.39,-2.4,2.7,4.8,-0.69,13.2,0.6,603.09,1765.3,117.2,1071339.29,-3.5,2111803,0.7,7.0088,-0.72,-3.3,2241.86,-0.53,-4.4,-6.9,0.32,1.61,-0.06,37.02,98.18,-1.8,1.5,11079.5,-7.1,7.94
chukou,2020-08-01,2343.73,-2.0,2.4,5.6,-1.6,11.2,0.4,571.01,1772.72,116.4,1084162.3,-3.0,2185812,0.6,6.9346,-0.75,-2.5,2812.86,-0.45,-3.92,-6.4,-0.03,1.52,-0.09,64.48,98.41,-1.4,1.5,12852.23,-5.8,11.68
chukou,2020-09-01,2386.13,-2.1,1.7,6.9,13.47,7.9,0.2,353.44,2032.69,120.5,1101194.9,-2.8,2565201,-0.1,6.8148,-0.78,-2.3,3166.3,-0.4,-3.63,-6.2,0.65,1.48,-0.13,-9.56,100.13,-1.3,1.5,14884.92,-4.8,17.15
chukou,2020-10-01,2362.3,-2.1,0.5,6.9,4.83,2.2,-0.3,573.22,1789.08,121.7,1109366.67,-2.7,2573228,-0.5,6.7111,-0.7,-2.4,3739.52,-0.3,-3.9,-6.0,1.1,1.5,-0.1,35.49,100.79,-1.2,1.5,16674.0,-5.1,16.7
chukou,2020-11-01,2669.12,-1.5,-0.5,7.0,4.56,-2.0,-0.6,742.49,1926.63,124.0,1120302.41,-1.8,2769666,-0.8,6.6088,-0.6,-1.6,4482.0,-0.3,-3.9,-4.2,1.0,1.5,0.0,99.72,101.17,-0.8,1.5,18600.64,-3.6,8.6
chukou,2020-12-01,2816.88,-0.4,0.2,7.3,7.58,1.2,0.7,757.9,2058.98,122.1,1130151.74,-0.5,2831245,-0.4,6.5423,-0.6,0.0,5239.9,-0.1,-3.1,-1.6,0.9,1.3,0.0,60.41,101.23,0.0,1.5,20659.62,-0.4,6.5
chukou,2021-01-01,2633.82,0.3,-0.3,25.4,28.71,1.6,1.0,614.07,2019.75,122.8,1160467.99,0.5,2503168,-0.2,6.4771,-0.4,0.9,614.07,-0.2,-4.6,-0.8,0.0,0.4,0.0,12.33,102.28,1.0,1.5,2019.75,1.0,10.9
chukou,2021-02-01,2043.85,1.7,-0.2,52.34,18.97,-0.2,0.6,350.07,1693.78,127.0,1175622.99,2.3,1454806,-0.2,6.4602,-0.3,2.4,964.14,-0.5,-1.9,2.9,0.6,0.3,-0.2,156.47,103.83,1.7,1.5,3713.53,6.8,3.3
chukou,2021-03-01,2405.43,4.4,0.4,14.1,39.12,-0.7,-0.5,115.52,2289.92,122.2,1195084.67,5.8,2525691,0.1,6.5066,0.2,5.2,1079.66,0.1,2.7,10.1,0.4,0.2,0.0,-42.15,103.23,3.4,1.5,6003.45,12.3,0.2
chukou,2021-04-01,2630.91,6.8,0.9,9.8,44.05,-0.7,-0.3,404.73,2226.19,121.5,1206607.68,9.1,2251792,0.3,6.5204,0.4,9.0,1484.38,0.2,4.9,15.2,1.3,0.1,0.4,-9.93,101.95,5.4,1.5,8229.63,24.9,-1.3
chukou,2021-05-01,2632.29,9.0,1.3,8.8,52.19,0.3,-0.2,428.35,2203.94,121.8,1217561.58,12.0,2127721,0.5,6.4316,0.7,12.5,1912.74,0.4,5.5,18.8,1.5,0.2,0.4,-30.48,101.76,7.4,1.5,10433.57,36.4,5.4
chukou,2021-06-01,2803.04,8.8,1.1,8.3,37.28,-1.7,-0.4,494.39,2308.65,122.8,1231101.79,11.8,2015309,0.3,6.4228,0.9,13.1,2407.12,0.4,5.8,18.0,1.5,0.3,0.3,10.65,101.67,7.4,1.5,12742.23,35.1,0.1
chukou,2021-07-01,2812.78,9.0,1.0,6.4,28.27,-3.7,0.3,548.4,2264.39,117.8,1240012.7,12.0,1863550,0.3,6.4741,1.1,13.1,2955.52,0.4,6.9,17.9,2.7,0.4,0.3,-9.07,102.39,7.5,1.5,15006.62,38.7,-4.0
chukou,2021-08-01,2931.71,9.5,0.8,5.3,32.41,-4.1,0.1,584.45,2347.26,117.5,1249486.34,12.7,1798841,0.3,6.4772,1.1,13.6,3539.97,0.5,5.9,18.3,3.0,0.4,0.6,2.35,102.41,8.0,1.5,17353.88,41.8,-1.5
chukou,2021-09-01,3046.99,10.7,0.7,3.1,16.67,-5.2,0.0,675.37,2371.62,121.2,1261127.25,14.2,2067099,0.4,6.4599,1.3,14.3,4215.34,0.5,5.8,20.4,3.2,0.4,0.5,91.08,102.44,8.9,1.5,19725.5,49.4,-2.5
chukou,2021-10-01,2991.2,13.5,1.5,3.5,20.01,-2.4,0.7,844.06,2147.14,120.2,1267537.81,17.9,2332801,0.6,6.4192,1.7,17.1,5059.39,0.5,7.0,25.7,2.9,0.6,0.9,47.25,103.98,10.8,1.5,21872.64,66.5,15.9
chukou,2021-11-01,3242.77,12.9,2.3,3.8,31.32,1.6,0.4,712.65,2530.12,119.5,1276775.62,17.0,2521591,1.0,6.3953,1.7,17.4,5772.04,0.5,7.6,25.0,3.0,0.6,0.5,-4.02,105.03,10.1,1.5,24402.76,60.5,30.6
chukou,2021-12-01,3396.62,10.3,1.5,4.3,19.7,-1.2,-0.3,932.08,2464.54,119.8,1283670.35,13.4,2785918,1.0,6.37,1.6,14.2,6704.12,0.6,5.0,19.7,3.1,0.7,0.8,22.98,105.75,8.2,1.5,26867.31,44.2,10.6
chukou,2022-01-01,3264.62,9.1,0.9,3.86,21.03,-3.8,0.4,820.06,2444.56,121.5,1311339.03,11.8,2530584,0.8,6.3588,1.4,12.1,820.06,0.4,5.2,18.2,2.9,0.6,0.4,33.55,105.08,7.0,1.5,2444.56,35.0,-4.1
chukou,2022-02-01,2167.42,8.8,0.9,12.8,11.77,-3.9,0.6,274.33,1893.09,120.5,1315932.58,11.4,1737299,0.9,6.347,1.4,11.2,1094.39,0.6,5.5,17.9,2.5,0.6,0.6,-21.64,105.88,6.6,1.5,4337.65,33.0,-0.1
chukou,2022-03-01,2749.32,8.3,1.5,5.0,0.71,-1.5,0.0,443.22,2306.1,113.2,1333069.1,10.7,2233912,0.9,6.3457,1.3,10.7,1537.61,0.6,5.8,16.7,2.6,0.7,0.9,283.67,106.39,5.7,1.5,6643.76,38.0,17.2
chukou,2022-04-01,2723.38,8.0,2.1,-2.9,0.11,1.9,0.4,494.76,2228.63,86.7,1335406.98,10.3,1180903,1.0,6.428,1.2,10.8,2032.36,0.5,6.5,17.4,2.0,0.7,1.2,22.24,105.21,4.8,1.5,8872.38,38.3,24.0
chukou,2022-05-01,3064.1,6.4,2.1,0.7,3.46,2.3,-0.2,783.97,2280.13,86.8,1342005.41,8.1,1861975,1.2,6.7071,1.0,9.1,2816.33,0.5,6.2,15.1,1.8,0.7,1.4,83.02,101.27,3.2,1.5,11152.52,29.7,11.6
chukou,2022-06-01,3280.5,6.1,2.5,3.9,-0.08,2.9,0.0,973.67,2306.83,88.9,1360719.87,7.5,2502293,1.7,6.6991,0.8,8.5,3790.0,0.6,8.5,15.2,2.1,0.7,1.5,96.94,101.42,2.4,1.5,13459.35,27.3,3.7
chukou,2022-07-01,3322.86,4.2,2.7,3.8,1.41,6.3,0.5,1026.46,2296.4,87.9,1365664.05,5.0,2420058,1.7,6.7324,0.7,6.5,4816.46,0.7,6.1,11.4,1.5,0.7,1.4,87.17,103.4,0.9,1.5,15755.75,18.8,12.9
chukou,2022-08-01,3148.55,2.3,2.5,4.2,-0.31,6.1,-0.1,808.68,2339.87,87.0,1375674.17,2.4,2383354,1.6,6.7949,0.6,4.2,5625.14,0.6,4.9,7.8,1.6,0.7,1.3,38.37,101.86,-0.7,1.5,18095.62,10.1,6.0
chukou,2022-09-01,3214.6,0.9,2.8,6.3,0.06,8.8,0.3,841.55,2373.05,87.2,1392679.72,0.6,2610325,1.8,6.9621,0.3,2.6,6466.69,0.5,4.5,5.8,1.2,0.7,1.4,24.61,101.09,-1.9,1.5,20468.68,3.5,12.1
